input,output,instruction
ถ้าต้องการดูตำแหน่งของภูเขาในภาคเหนือดูได้จากสิ่งใด,แผนที่,ถามตอบ
ถ้าต้องการทราบอาณาเขตของจังหวัดเชียงใหม่ควรดูแผนที่ในข้อใด,แผนที่แสดงจังหวัดในภาคเหนือ,ถามตอบ
เมื่อนักเรียนค้นคว้าประวัติของโรงเรียนแล้วก่อนนำเสนอข้อมูลควรทำอย่างไร,ตรวจสอบข้อมูล,ถามตอบ
ถ้านักเรียนจบการศึกษาออกไปจะทำให้ประชากรในโรงเรียนเป็นอย่างไร,ลดลง,ถามตอบ
การรู้ประวัติความเป็นมาของโรงเรียนทำให้เกิดความรู้สึกอย่างไร,ภาคภูมิใจ,ถามตอบ
เมื่อนักเรียนรับประทานอาหารในโรงเรียนไม่หมดควรทำอย่างไร,ทิ้งลงในถังขยะ,ถามตอบ
การผลิตปลากระป๋องจัดเป็นอาชีพใด,อาชีพอุตสาหกรรม,ถามตอบ
ข้อใดคือเขตการปกครองที่เล็กที่สุด,หมู่บ้าน,ถามตอบ
การนำเงินปแลกกับผลผลิตและบริการเรียกว่าอะไร,การซื้อ,ถามตอบ
ถาวรถูกโจรจี้ชิงสร้อยคอไปถาวรควรไปแจ้งความที่สถานที่ใด,สถานีตำรวจ,ถามตอบ
ข้อใดคือการทักทายของคนไทย,การไหว้,ถามตอบ
ข้อดีของการรู้จักใช้จ่ายและเก็บออมคือข้อใด,ฝึกให้เป็นคนมีความรับผิดชอบ,ถามตอบ
ข้อใดคือลักษณะของผู้บริโภคที่ดี,ใช้จ่ายอย่างประหยัด,ถามตอบ
ข้อใดคือหลักคำสอนของศาสนาอิสลาม,หลักบัญญัติ10ประการ,ถามตอบ
ข้อใดคือสาเหตุที่ทำให้พระพุทธเจ้าออกผนวช,พระองคือยากพ้นจากความทุกข์,ถามตอบ
เราจะใส่เสื้อผ้าอย่างไรที่แสดงว่าเราใช้หลักเศรษฐกิจพอเพียง,ซ่อมแซมเสื้อผ้าที่ชำรุดก่อนนำมาใส่,ถามตอบ
ข้อใดคือศาสนาที่เก่าแก่ที่สุด,ศาสนาพราหมณ์,ถามตอบ
กมลอ่านหนังสือพิมพ์ทุกวันแสดงว่ากมลเป็นคนอย่างไร,ใฝ่รู้,ถามตอบ
เมื่อนักเรียนยังไม่สามารถหาเงินได้ด้วยตนเองนักเรียนควรมีหลักธรรมในข้อใด,ความประหยัด,ถามตอบ
การนำผลผลิตไปใช้ประโยชน์เรียกว่าอะไร,การบริโภค,ถามตอบ
เศรษฐกิจพอเพียงหมายถึงข้อใด,ใช้จ่ายอย่างประหยัด,ถามตอบ
ข้อใดคือพิธีกรรมของพุทธศาสนา,พิธีอุปสมบท,ถามตอบ
เราจะทำให้สิ่งแวดล้อมทางสังคมในบ้านน่าอยู่ได้อย่างไร,ช่วยพ่อแม่ทำงานบ้าน,ถามตอบ
หลักธรรมในข้อใดที่ช่วยให้เรารู้จักควบคุมอารมณ์,ความอดทนอดกลั้น,ถามตอบ
นักเรียนควรปฏิบัติตามข้อใดเพื่อให้สิ่งแวดล้อมทางสังคมในโรงเรียนน่าอยู่,ทำความสะอาดห้องเรียน,ถามตอบ
ข้อใดหมายถึงอดีต,เดือนที่แล้ว,ถามตอบ
ข้อใดควรปฏิบัติก่อนเดินทางไปสถานที่ที่เราไม่รู้จักเส้นทาง,ศึกษาเส้นทางจากแผนที่ให้เข้าใจ,ถามตอบ
ระหว่างปี พ.ศ กับปี ค.ศ ห่างกันกี่ปี,543ปี,ถามตอบ
สัญลักษณ์ที่แสดงเส้นทางของแม่น้ำในแผนที่มักเป็นสีใด,สีฟ้า,ถามตอบ
ข้อใดคือขั้นตอนแรกในการเขียนแผนผัง,จัดเตรียมเครื่องมือ,ถามตอบ
ถ้าต้องการเขียนอิบายเส้นทางจากจังหวัดนนทบุรีไปจังหวัดปทุมธานีควรปฏิบัติอย่างไร,เขียนแผนที่,ถามตอบ
ถ้ามีจำนวนครูอาจารย์ลดน้อยลงมากเกินไปจะทำให้เกิดผลอย่างไร,ขาดแคลนครู,ถามตอบ
ข้อใดเป็นสาเหตุที่ทำให้จำนวนประชากรในโรงเรียนเพิ่มขึ้น,รับสมัครครูเพิ่ม,ถามตอบ
โรงเรียนควรแก้ปัญหาจำนวนนักเรียนมากเกินไปอย่างไร,จำกัดจำนวนรับสมัครนักเรียน,ถามตอบ
เมื่อนักเรียนปฏิบัติตามวัฒนธรรมในโรงเรียนอย่างสม่ำเสมอจะทำให้นักเรียนเป็นคนอย่างไร,มีระเบียบวินัย,ถามตอบ
เราจะแสดงให้ชาวต่างชาติเห็นถึงคุณค่าของความเป็นไทยได้อย่าง,เผยแพร่ภูมิปัญญาของท้องถิ่น,ถามตอบ
เมื่อนักเรียนเข้าไปใช้บริการห้องสมุดควรทำอย่างไร,อ่านหนังสือเสร็จแล้วเก็บเข้าที่,ถามตอบ
สถานที่พักผ่อนหย่อนใจของคนในชุมชนคือข้อใด,สวนสาธารณะ,ถามตอบ
ผู้ที่มีอาชีพ ปลูกผักผลไม้เรียกว่าอะไร,ชาวสวน,ถามตอบ
อาชีพใดที่จับสัตว์น้ำหรือเพาะเลี้ยงสัตว์น้ำ,ชาวประมง,ถามตอบ
ภาษีที่เก็บโดยบวกเพิ่มในราคาสินค้าเรียกว่าอะร,ภาษีมูลค่าเพิ่ม,ถามตอบ
ข้อใดเป็นความแตกต่างระหว่างทำไร่กับทำสวน,พืชไร่เมื่อให้ผลผลิตแล้วจะตายไปส่วนพืชสวนเป็นพืชที่มีอายุยืน,ถามตอบ
ใครที่ไม่ต้องจ่ายเงินภาษา,นักเรียน,ถามตอบ
เมื่อเราเกิดพ่อแม่เราต้องไปแจ้งเกิดที่สถานที่ใด,ที่ว่าการอำเภอ,ถามตอบ
ประเพณีแข่งเรือเป็นประเพณีของชุมชนที่ตั้งอยู่บริเวณใด,ริแม่น้ำลำคลอง,ถามตอบ
สิ่งที่ได้จากทรัพยากรการผลิตคือข้อใด,ผลผลิต,ถามตอบ
ข้อใดคือคัมภีรืของพระพุทธศาสนา,พระไตรปิฎก,ถามตอบ
ถ้าเราต้องทำงานร่วมกับผู้อื่นเราควรมีหลักธรรมในข้อใด,ความสามัคคี,ถามตอบ
หลักเศรษฐกิจพอเพียงเป็นโครงการตามแนวพระราชดำริของราชกาลใด,ราชกาลที่9,ถามตอบ
การที่เราต้องการให้ผู้อื่นพ้นจากความทุกข์และอยากให้ผู้อื่นมีความสุขแสดงว่ามีหลักธรรมใด,ความเมตตากรุณา,ถามตอบ
เพราะเหตุใดนักเรียนจึงต้องปฏิบัติตามกฎข้อบังคับของโรงเรียน,เพื่อความเป็นระเบียบเรียบร้อย,ถามตอบ
ข้อใดคือประโยชน์ของการนำหลักเศรษฐกิจพอเพียงไปใช้,ช่วยลดค่าใช้จ่าย,ถามตอบ
หัวใจของพระพุทธศาสนาคือข้อใด,โอวาท3,ถามตอบ
ข้อใดเป็นการนับปีแบบสากลในปัจจุบัน,ค.ศ,ถามตอบ
ข้อใดเป็นการนับปีแบบไทยในปัจจุบัน,พ.ศ,ถามตอบ
แบบที่เขียนย่อแสดงรายละเอียดของสิ่งต่างๆว่าตั้งอยู่ตำแหน่งใดในพื้นที่เรียกว่าอะไร,แผนผัง,ถามตอบ
เราเรียนรู้เกี่ยวกับวันเดือนปีด้าจากสิ่งใด,ปฎิทิน,ถามตอบ
ปี พ.ศ. 2550 ตรงกับปีค.ศ. ใด,ค.ศ.2007,ถามตอบ
ถ้าต้องการวัดขนาดของบ้านควรใช้เครื่องมือในข้อใด,ตลับเมตร,ถามตอบ
ถ้าคนในครอบครัวมีความคิดเห็นขัดแย้งกันควรทำอย่างไร,ร่วมกันแก้ไขปัญหา,ถามตอบ
อาคือญาติฝ่ายใด,ญาติฝ่ายพ่อ,ถามตอบ
ถ้าต้องการเล่นฟุตบอลควรเล่นในสถานที่ใด,สนาม,ถามตอบ
ข้อใดคือประโยชน์ของแผนผังของโรงเรียน,ทำให้รู้ตำแหน่งของสถานที่ภายในโรงเรียน,ถามตอบ
การค้นคว้าเกี่ยวกับประวัติของโรงเรียนข้อใดควรทำเป็นอันดับแรก,ตั้งคำถาม,ถามตอบ
เรามีบทบาทหน้าที่ในฐานะของนักเรียนอย่างไร,ปฎิบัติตามกฎระเบียนของโรงเรียน,ถามตอบ
เมื่อเก็บรวบรวมข้อมูลได้แล้วควรทำอย่างไรต่อไป,ตรวจสอบข้อมูล,ถามตอบ
เมื่อนักเรียนหยุดเรียนจะต้องทำอย่างไร,เขียนใบลาหยุดให้ครู,ถามตอบ
เราใช้หลักการประชาธิปไตยในโรงเรียนเพื่ออะไร,ลดความขัดแย้ง,ถามตอบ
ข้อใดคือวัฒนธรรมที่แสดงถึงเอกลักษณ์ของโรงเรียน,เครื่องแบบนักเรียน,ถามตอบ
วัฒนธรรมในโรงเรียนเป็นสิ่งที่แสดงถืองอะไร,เอกลักษณ์ของโรงเรียน,ถามตอบ
ฝ่ายบริหารมีหน้าที่รับผิดชอบงานใด,งานประชาสัมพันธ์,ถามตอบ
ฝ่ายวิชาการมีหน้าที่รับผิดชอบงานใด,งานแนะแนว,ถามตอบ
เมื่อนักเรียนใช้ห้องเรียนเสร็จแล้วควรทำอย่างไร,รักษาความสะอาด,ถามตอบ
ถ้าครูครบเกษียณอายุราชการจะทำให้โรงเรียนเป็นอย่างไร,จำนวนครูลดลง,ถามตอบ
ถ้านักเรียนปวดศีรษะขณะอยู่ในโรงเรียนควรทำอย่างไร,ไปห้องพยาบาล,ถามตอบ
ข้อใดแสดงถึงเอกลักษณ์ของโรงเรียน,เพลงประจำโรงเรียน,ถามตอบ
สถานที่ใดเป็นที่ประกอบพิธีกรรมทางพระพุทธศาสนา,วัด,ถามตอบ
ข้อใดคือลักษณะความเป็นอยู่ของชุมชนในชนบท,แบบพึ่งพาอาศัยกัน,ถามตอบ
สถานที่ใดเป็นที่ประกอบพิธีกรรมทางศาสนาอิสลาม,มัสยิด,ถามตอบ
ใครมีหน้าที่ดูแลรักษาความสงบเรียบร้อยภายในหมู่บ้าน,ผู้ใหญ่บ้าน,ถามตอบ
ชุมชนที่ตั้งอยู่บริเวณที่เป็นแหล่งท่องเที่ยวผู้คนในชุมชนมักจะประกอบอาชีพใด,ขายของที่ระลึก,ถามตอบ
ใครเป็นผู้ปกครองดูแลคนในตำบล,กำนัน,ถามตอบ
เมื่ออายุครบ15ปีเราจะไปทำบัตรประจำตัวประชาชนได้จากที่ใด,ที่ว่าการอำเภอ,ถามตอบ
อาชีพใดที่ได้รับการยกย่องว่าเป็นกระดูกสันหลังของชาติ,ชาวนา,ถามตอบ
เพราะเหตุใดชุมชนจำเป็นต้องมีผู้ปกครองคอยดูแล,เพื่อให้คนในชุมชนอยู่กันอย่างมีความสุข,ถามตอบ
ข้อใดไม่ใช่อาชีพบริการ,ชาวสวน,ถามตอบ
ผู้ที่นำผลผลิตหรือบริการมาแลกกับเงินเรียกว่าอะไร,ผู้ขาย,ถามตอบ
อาชีพที่จำหน่ายหรือแลกเปลี่ยนสินค้าคืออาชีพใด,พ่อค้าแม่ค้า,ถามตอบ
สื่อกลางที่ใช้ในการแลกเปลี่ยนสินค้าและบริการในปัจจุบันคือข้อใด,เงินตรา,ถามตอบ
อาชีพใดถือว่าเป็นรั้วของชาติ,ทหาร,ถามตอบ
ภาษาประจำชาติของคนไทยคือข้อใด,ภาษาไทย,ถามตอบ
เราจะช่วยกันอนุรักษ์ภาษาไทยได้อย่างไร,พูดให้ชัดเจนอ่านและเขียนให้ถูกต้อง,ถามตอบ
ข้อใดคือลัญลักษณ์ที่แสดงถึงความเป็นชาติไทย,ธงชาติ,ถามตอบ
เงินที่เรานำไปซื้อเสื้อผ้าเรียกว่าอะไร,รายจ่าย,ถามตอบ
รายได้ของข้าราชการครูมาจากข้อใด,เงินเดือน,ถามตอบ
ถ้าเรามีรายจ่ายมากกว่ารายรับจะเป็นอย่างไร,เป็นหนี้,ถามตอบ
เงินที่ได้จากการขายของเรียกว่าอะไร,รายได้,ถามตอบ
เมื่อเราไปตัดผมใครเป็นผู้ให้บริการ,ช่างตัดผม,ถามตอบ
ผลดีของเศรษฐกิจพอเพียงคือข้อใด,ทำให้พึ่งพาตนเองได้,ถามตอบ
ช่วงเวลาที่กำลังดำเนินอยู่ในขณะนี้ขณะนี้เรียกว่า,ปัจจุบัน,ถามตอบ
คำในข้อใดหมายถึงอดีต,วานซืนนี้,ถามตอบ
การที่นักเรียนสืบค้นประวัติของชุมชนที่ตนอาศัยอยู่ทำให้เกิดผลดีอย่างไร,รู้ประวัติความเป็นมาของชุมชน,ถามตอบ
การนำข้อมูลทั้งหมดที่รวบรวมได้มาเปรียบเทียบกันจัดเป็นขั้นตอนใดของวิธีการทางประวัติศาสตร์,ตรวจสอบ,ถามตอบ
การสืบค้นข้อมูลที่พิพิธภัณฑ์ท้องถิ่นช่วยให้ทราบข้อมูลของชุมชนด้านใด,วิถีชีวิตของคนในชุมชน,ถามตอบ
ทำใมจึงต้องตรวจสอบและตีความข้อมูลของชุมชนก่อนนำเสนอ,ได้ข้อมูลที่น่าเชื่อถือ,ถามตอบ
ถ้าต้องการค้นหาเว็บไซต์ข้อมูลด้านต่างๆของชุมชนค้นได้จากแหล่งใด,คอมพิวเตอร์,ถามตอบ
ผู้ใหญ่ในชุมชนจัดเป็นแหล่งข้อมูลในลักษณะใด,บุคคล,ถามตอบ
วิธีใดไม่ควรนำเสนอข้อมูลของชุมชน,ร้องเป็นเพลง,ถามตอบ
ใครน่าจะรู้ประวัติของชุมชนได้ดีที่สุด,ผู้อาศัยอยู่ในชุมชนมานาน,ถามตอบ
ถ้าในชุมชนของเราทั้งวัดโบสถ์มัสยิดและศาลเจ้าสามารถบอกได้ว่าอย่างไร,ชุมชนนี้มีคนหลายเชื้อชาติ,ถามตอบ
เพราะเหตุใดเราจึงต้องเรียนรู้เกี่ยวกับรัฐธรรมนูญ,เพราะเป็นฎหมายที่ใช้ปกครองประเทศของเรา,ถามตอบ
สิ่งที่รัฐธรรมนูญกำหนดให้พลเมืองทุกคนต้องปฏิบัติเรียกว่าอะไร,หน้าที่,ถามตอบ
การปฏิบัติตนอย่างไรทำให้เกิดความสัมพันธ์ที่ดีในครอบครัว,เอื้ออาทรซึ่งกันและกัน,ถามตอบ
เมื่อเกิดความขัดแงกันในห้องเรียนควรแก้ปัญหาอย่างไร,พูดคุยกันด้วยเหตุผล,ถามตอบ
ข้อใดเป็นวัฒนธรรมการแต่งกายในการไปร่วมประเพณีทางศาสนา,แต่งกายสุภาพเรียบร้อย,ถามตอบ
ประเพณีใดช่วยส่งเสริมให้ลูกหลานแสดงความกตัญณูแก่ญาติผู้ใหญ่,ประเพณีวันสงกรานต์,ถามตอบ
ศาสนาใดที่มีวัฒนธรรมเกี่ยวกับการแต่งกายตามหลักการของศาสนาที่เป็นเอกลักาณ์,ศาสนาอิสลาม,ถามตอบ
เพราะเหตุใดในท้องถิ่นต่างๆของไทยจึงมีวัฒนธรรมประเพณีเกี่ยวกับการเพาะปลูก,เป็นอาชีพหลักของคนไทย,ถามตอบ
ภาษาใดถูกกำหนดให้เป็นภาษาทางราชการ,ภาษาไทย,ถามตอบ
สถานทูตไทยประจำต่างประเทศใช้สัญลักษณ์ใดแสดงความเป็นไทย,ธงชาติไทย,ถามตอบ
เพราะเหตุใดคนที่อาศัยอยู่บริเวณริมฝั่งแม่น้ำจึงนิยมสร้างบ้านเรือนแพ,ปรับระดับขึ้นลงตามระดับน้ำในแม่น้ำได้จึงไม่ถูกน้ำท่วม,ถามตอบ
เงินที่เหลือจากการใช้จ่ายแล้วนำไปฝากธนาคารเอาไว้เรียกว่าเงินอะไร,เงินออม,ถามตอบ
ผู้ที่มาซื้อสินค้าหรือบริการต่างๆเรียกว่าอะไร,ผู้บริโภค,ถามตอบ
การใช้จ่ายอย่างประหยัดก่อให้เกิดผลดีอย่างไร,ไม่เป็นหนี้สิน,ถามตอบ
เงินสมทบที่ธนาคารจ่ายให้แก่ผู้นำเงินออมมาฝากไว้กับธนาคารเรียกว่าอะไร,ดอกเบี้ย,ถามตอบ
ศาสนาใดไม่ได้ถือกำเนิดขึ้นในประเทศอินเดีย,ศาสนาพราหมณ์,ถามตอบ
ศาสนาใดเก่าแก่ที่สุด,ศาสนาพราหมณ์,ถามตอบ
ประเพณีใดเกี่ยวข้องกับการขัดเกลาจิตใจของชาวพุทธที่เป็นชาย,ประเพณีการบวช,ถามตอบ
ผู้นำทางความเชื่อของศาสนาพราหมณ์คือวรรณะใด,พราหมณ์,ถามตอบ
ศาสนาใดมีจุดมุ่งหมายให้ผู้ที่นับถือศาสนาอิสลามและสาสนาอื่นสามัคคีกัน,ศาสนาสิกข์,ถามตอบ
พระเจ้าของศาสนาอิสลามคือพระเจ้าองค์ใด,พระอัลเลาะห์,ถามตอบ
บุคคลในข้อใดไม่ได้เป็นศาสนาของศาสนา,โจเซพ,ถามตอบ
ใครไม่ได้ประกอบอาชีพบริการ,อ๊อดทำสวนผลไม้,ถามตอบ
เงินที่เหลือจากการใช้จ่ายและนำไปฝากธนาคารเอาไว้เรียกว่าเงินอะไร,เงินออม,ถามตอบ
เศรษฐกิจพอเพียงเป็นพระราชดำริของพระมหากฆัตร์องค์ใด,ราชกาลที่9,ถามตอบ
ผู้ที่มาซื้อสินค้าหรือบริการต่างๆเรียกว่าอะไร,ผู้บริโภค,ถามตอบ
ใครปฎิบัติตนตามเศรษฐกิจพอเพียงมาใช้ในชีวิตประจำวัน,ปลาปลูกสวนผักไว้กินเอง,ถามตอบ
ผู้บริโภคที่ฉลาดควรปฏิบัติตามข้อใด,เปรียบเทียบคุณภาพและราคาหลายๆยี่ห้อก่อนซื้อ,ถามตอบ
การเปิดโรงเรียนฝึกสอนสุนัขจะได้รายได้จากข้อใด,การให้บริการ,ถามตอบ
หลักธรรมใดช่วยให้เกิดความเป็นระเบียบของคนหมู่มาก,ความมีวินัย,ถามตอบ
ใครมีความกตัญญูกตเวทีต่อพ่อแม่,จุตพรช่าวทำงานบ้าน,ถามตอบ
เมื่อบ้านของเพื่อนถูกน้ำท่วมนักเรียนทำอย่างไรจึงเหมาะสมที่สุด,แบ่งปันสิ่งของให้เพื่อนใช้,ถามตอบ
ทำไมเราจึงต้องทำความดี,เพราะเป็นสิ่งที่ควรทำ,ถามตอบ
ลักษณะภูมิประเทศแบบใดเหมาะกับการเพราะปลูกมากที่สุด,ที่ราบลุ่มแม่น้ำ,ถามตอบ
ถ้าต้องการแสดงรายละเอียดของสิ่งของในห้องเรียนควรจำกัดสิ่งใด,แผนผัง,ถามตอบ
ทรัพยากรในข้อใดที่คนเราต้องใช้อย่างประหยัดและคุ้มค่าทึ่สุด,น้ำมันเชื้อเพลิง,ถามตอบ
ทรัพยากรในข้อใดจัดเป็นทรัพยากรที่สิ้นเปลือง,ถ่านหิน,ถามตอบ
สิ่งใดเป็นสิ่งแวดล้อมทางสังคมที่มีคุณค่าต่อจิตใจของคนในชุมชน,วัดโบสถ์หรือมัสยิด,ถามตอบ
สิ่งใดที่ไม่ใช้สิ่งแวดล้อมทางธรรมชาติ,ถนน,ถามตอบ
การกระทำใดที่มีผลเสียต่อสิ่งแวดล้อมทางธรรมชาติ,สนับสนุนการจับสัตว์ป่ามาเลี้ยง,ถามตอบ
เมื่อเราไปเที่ยวป่าไม่ควรทำสิ่งใด,ทิ้งขยะไว้ตามบริเวณต่างๆเพื่อให้สัตว์มากิน,ถามตอบ
ถ้ามีจำนวนสมาชิกในบ้านเพิ่มมากขึ้นเกินไปจะให้เกิดผลอย่างไร ,ทำให้แย่งกันใช้สถานที่ต่างๆในบ้าน,ถามตอบ
สิ่งแวดล้อมทางสังคมในข้อใดมีคุณค่าต่อการศึกษา,โบราณวัตถุ,ถามตอบ
เราสามารถดูแลรักษาสิ่งแวดล้อมทางสังคมในโรงเรียนได้ตามข้อใด,ช่วยเก็บขยะที่พบเห็นบริเวณโรงเรียน,ถามตอบ
ถ้าต้องการสืบค้น ข้อมูลเกี่ยวกับวิถีชีวิตของคนในชุมชน ควรไปที่ไหน  ,อินเทอร์เน็ต ,ถามตอบ
ถ้าครอบครัวมีรายได้มากกว่ารายจ่ายผลจะเป็นอย่างไร ,ไม่มีเงินสำหรับใช้จ่ายในยามจำเป็น ,ถามตอบ
ผู้ที่มีรายได้ตามกำหนดต้องเสียภาษีใดให้แก่รัฐ ,ภาษีเงินได้ ,ถามตอบ
เมื่อกู้เงินจากธนาคารผู้กู้จะต้องส่งเงินต้นให้กับธนาคารพร้อมกับอะไร ,ดอกเบี้ย,ถามตอบ
ผู้ที่มีรายได้ตามกำหนดต้องเสียภาษีได้ให้แก่รัฐ ,ภาษีเงินได้ ,ถามตอบ
เมื่อเข้าไปในสถานที่สำคัญทางศาสนาไม่ควรปฏิบัติอย่างไร ,หยิบจับสิ่งของต่างๆมาเล่น ,ถามตอบ
การปฏิบัติตนตามวัฒนธรรมประเพณีมีคุณค่าต่อตัวเราอย่างไร ,ช่วยให้เราเข้ากับสังคมได้ดี ,ถามตอบ
ถ้าแหล่งน้ำในชุมชนเน่าเสียจะเกิดผลกระทบในข้อใดมากที่สุด ,ส่งกลิ่นเหม็น ,ถามตอบ
ถ้าต้องการศึกษาลักษณะภูมิประเทศของประเทศไทยควรศึกษาจากแผนที่ชนิดใด ,แผนที่เศรษฐกิจ ,ถามตอบ
การศึกษาประวัติความเป็นมาของชุมชนสิ่งใดสำคัญที่สุด ,ข้อสันนิษฐาน ,ถามตอบ
ผู้ที่มีอาชีพค้าขายในประเทศไทยส่วนใหญ่เป็นคน เชื้อสายได้ ,จีน ,ถามตอบ
ความนิยมในต่างประเทศการจัดตั้งโรงงานอุตสาหกรรมควรคำนึงถึงเรื่องใดมากที่สุด ,เงินที่ใช้ลงทุน ,ถามตอบ
การตรวจสอบข้อมูลในวิธีการทางประวัติศาสตร์ทำให้เกิดผลดีในข้อใด ,ได้ข้อมูลที่น่าเชื่อถือถูกต้อง ,ถามตอบ
ข้อใดเป็นการนับวันทางจันทรคติ ,วันแรม ,ถามตอบ
ช่วงเวลาที่ยังไม่มาถึงเรียกว่าอะไร ,อนาคต ,ถามตอบ
พระมหากษัตริย์ทรงใช้อำนาจบริหารผ่านทางได้ ,คณะรัฐมนตรี ,ถามตอบ
การละเล่นได้ที่เกิดจากอาชีพทำนา ,เต้นกำรำเคียว ,ถามตอบ
ข้อใดเป็นหน้าที่ของนักเรียนที่มีต่อโรงเรียน ,ปฏิบัติตามระเบียบของโรงเรียนอย่างเคร่งครัด ,ถามตอบ
กฎหมายรัฐธรรมนูญมีความสัมพันธ์กับคนไทยอย่างไร ,เป็นกฎหมายสูงสุดที่ใช้ในการปกครองประเทศ ,ถามตอบ
สิ่งใดหน่วยงานของรัฐใช้เป็นสิ่งที่แสดงความเป็นไทยที่เด่นชัดที่สุด ,ธงชาติไทย ,ถามตอบ
ผลของการนำหลักเศรษฐกิจพอเพียงมาใช้คือข้อใด ,ทำให้พึ่งตนเองได้ ,ถามตอบ
ศาสนาใดที่ไม่มีศาสดา  ,ศาสนาพราหมณ์ ,ถามตอบ
ตามข้อบัญญัติการอุปสมบทผู้บวชต้องมีคุณสมบัติต่อไปนี้ยกเว้นข้อใด ,ไม่มีโรคประจำตัว ,ถามตอบ
เจ้าชายสิทธัตถะค้นพบทางแห่งการดับทุกข์โดยวิธีใด ,บำเพ็ญเพียงทางจิต ,ถามตอบ
วัฒนธรรมในการแสดงความเคารพต่อพระมหากษัตริย์ผู้หญิงควรปฏิบัติอย่างไร ,ถอนสายบัว ,ถามตอบ
เมื่อทำสิ่งไม่ดีต่อเพื่อนเราควรแก้ไขอย่างไร ,ขอโทษเพื่อนและตั้งใจว่าจะไม่ทำอีก ,ถามตอบ
บุคคลที่เราควรแสดงความกตัญญูกตเวทีเป็นอันดับแรกคือใคร ,พ่อแม่ ,ถามตอบ
มาตราส่วนที่นิยมใช้เขียนแผนผังมีหน่วยตามข้อใด ,เซนติเมตร ,ถามตอบ
สิ่งใดที่ต้องใช้เขียนแทนด้วยแผนผัง ,สถานที่ต่างๆในห้างสรรพสินค้า ,ถามตอบ
ในปัจจุบันเราต้องเรียนภาษาอังกฤษเพราะอะไร ,เพื่อใช้ติดต่อสื่อสารชาวต่างประเทศ ,ถามตอบ
การกระทำในข้อใดที่ผิดหลักคำสอนของศาสนา ,ไม่พูดจริง ,ถามตอบ
ตามปฏิบัติตามหลักธรรมทางศาสนาจะทำให้ผู้ปฏิบัติได้รับผลในข้อใด ,ประสบความสุขความเจริญ ,ถามตอบ
เราร้องเพลงชาติว่าจุดประสงค์ใด ,เพื่อให้เกิดความรักชาติ ,ถามตอบ
เราควรปฏิบัติตนอย่างไรจึงจะเข้าใจเรื่องราวของพระพุทธศาสนาได้ถูกต้อง ,ศึกษาพุทธประวัติ ,ถามตอบ
การแก้ปัญหาเรื่องค่าใช้จ่ายภายในครอบครัวควรทำอย่างไร ,ทุกคนใช้จ่ายอย่างประหยัด ,ถามตอบ
ถ้าสมาชิกในครอบครัวปฏิบัติงาน ตามหน้าที่ของตนเองครอบครัวจะเป็นอย่างไร ,มีความสงบสุข ,ถามตอบ
ครอบครัวในภาวะปัจจุบันควรมีบุตรกี่คนจึงจะเหมาะสม ,2 คน ,ถามตอบ
นักเรียนจะช่วยลดค่าใช้จ่ายในครอบครัวได้อย่างไร ,ใช้จ่ายในสิ่งที่จำเป็น ,ถามตอบ
ข้อใดเป็นสาเหตุ หนึ่ง ที่ทำให้กรุงเทพทรุดตัวลงเรื่อยๆ ,นำน้ำใต้ดินมาใช้มาก ,ถามตอบ
พุทธศาสนิกชนควรมีหลักปฏิบัติในข้อใดเป็นพื้นฐานในการดำรงชีวิต ,ศีล5,ถามตอบ
การนับถือศาสนาที่ถูกต้องควรปฏิบัติอย่างไร ,นับถือตามความศรัทธาของตนเอง ,ถามตอบ
เมื่อมีผู้กล่าวดูหมิ่นศาสนาที่เรานับถือเราควรจะทำอย่างไร ,ชี้แจงอธิบายให้เข้าใจถูกต้อง ,ถามตอบ
ถ้าทุกคนปฏิบัติตามคำสอนของศาสนาผลจะเป็นอย่างไร ,มีความสงบสุข ,ถามตอบ
การที่คนไทยสามารถเลือกนับถือศาสนาเองได้เกี่ยวข้องกับข้อใด ,สิทธิ ,ถามตอบ
การทำงานร่วมกันต้องยึดหลักในข้อใดมากที่สุด ,ช่วยกันทำงานโดยไม่เกี่ยงงาน ,ถามตอบ
เวลาเดินผ่านผู้ใหญ่เราควรปฏิบัติอย่างไร ,เดินก้มหลังเล็กน้อย ,ถามตอบ
การปฏิบัติตามหลักธรรมทางศาสนาจะส่งผลดีต่อใครมากที่สุด ,ต่อผู้ปฏิบัติเอง ,ถามตอบ
การย้ายที่อยู่ถ้าไม่ไปแจ้งย้ายสำมะโนครัวจะเกิดผลเสียอย่างไร ,ไม่ได้รับสิทธิที่ควรจะได้ ,ถามตอบ
ขณะที่พ่อแม่ทำงานบ้านเราควรทำอะไร,ช่วยทำงานบ้าน ,ถามตอบ
วิธีการสงวนและรักษาแหล่งน้ำที่ดีที่สุดควรปฏิบัติตามข้อใด ,ดูแลรักษาป่าไม้ ,ถามตอบ
การลักลอบตัดไม้ทำลายป่าทำให้เกิดผลเสียในข้อใดมากที่สุด ,ทำให้เกิดน้ำท่วม ,ถามตอบ
การทำงานร่วมกันของสมาชิกในครอบครัวมีผลดีอย่างไร ,งานสำเร็จโดยรวดเร็ว ,ถามตอบ
ปัญหาการอพยพประชากรจากชนบทมาสู่เมืองหลวงมีสาเหตุมาจากอะไร ,ต้องการมาหางานทำ ,ถามตอบ
เราจะมีส่วนช่วยในการอนุรักษ์ป่าไม้ได้อย่างไร ,อธิบายให้คนอื่นเข้าใจถึงผลเสียของการทำลายป่า ,ถามตอบ
ในฐานะนักเรียนเป็นสมาชิกในชุมชนจะปฏิบัติตนอย่างไร ,ช่วยพัฒนาชุมชนตามโอกาส ,ถามตอบ
ประโยชน์ของแผนที่ช่วยเอื้อในการทำกิจกรรมใด ,การเดินทาง ,ถามตอบ
ถ้าเรานั้งรถประจำทางที่มีผู้โดยสารแน่นแล้วมีคนชราขึ้นมาเราจะทำอย่างไร ,ลุกให้คนชรานั่ง ,ถามตอบ
เอกลักษณ์ของไทยที่สำคัญที่สุดคืออะไร ,ภาษาไทย ,ถามตอบ
ถ้านักเรียนมีสิทธิเลือกตั้ง นักเรียนจะไปใช้สิทธิเลือกตั้งหรือไม่เพราะเหตุใด ,ไปเพราะจะได้ใช้สิทธิตนเองให้เต็มที่ ,ถามตอบ
ถ้าสมาชิกในครอบครัวปฏิบัติตามหน้าที่ของตนครอบครัวจะเป็นอย่างไร ,มีความสงบสุข ,ถามตอบ
ผู้ประกอบอาชีพค้าขายต้องมีคุณธรรมข้อใด ,ซื่อสัตย์ ,ถามตอบ
การปกครองระบอบประชาธิปไตยยึดหลักการข้อใดมากที่สุด ,การคำนึงถึงผลประโยชน์ของส่วนรวม ,ถามตอบ
ในระบบประชาธิปไตยการลงมติทำอย่างไรอย่าง หนึ่ง ยึดหลักเกณฑ์ได้ ,เสียงข้างมาก ,ถามตอบ
การปกครองระบอบประชาธิปไตยใครทำหน้าที่บริหารประเทศ ,คณะรัฐมนตรี ,ถามตอบ
การซื้อสินค้าผ่อนส่งควรซื้อในกรณีใด ,มีความจำเป็นแต่เงินที่มีอยู่ไม่พอ ,ถามตอบ
ผู้ประกอบอาชีพค้าขายควรมีความรับผิดชอบต่อสังคมอย่างไร ,ขายเฉพาะสินค้าที่มีคุณภาพดีที่สุด ,ถามตอบ
การรวมกลุ่มสหกรณ์ต้องการแก้ไขปัญหาเรื่องใดมากที่สุด ,พ่อค้าคนกลาง ,ถามตอบ
ประชาชนชาวไทยสามารถมีส่วนร่วมในการปกครองประเทศโดยวิธีใด ,เลือกตั้งสมาชิกสภาผู้แทนราษฎร ,ถามตอบ
การเป็นผู้ตามที่ดีควรปฏิบัติอย่างไร ,ปฏิบัติตามข้อตกลงของที่ประชุม ,ถามตอบ
เครื่องมือทางภูมิศาสตร์ชนิดใดสำคัญที่สุดสำหรับนักเดินเรือทะเล ,เข็มทิศ ,ถามตอบ
เมื่อถึงวันสำคัญเกี่ยวกับชาติและพระมหากษัตริย์ควรทำอย่างไร ,ประดับธงชาติตามบ้านเรือน ,ถามตอบ
ผู้ที่จะมาเป็นหัวหน้าชั้นเรียนได้ควรเป็นคนอย่างไร ,มีความสามารถที่จะรับผิดชอบต่อหน้าที่ ,ถามตอบ
วันสำคัญได้แสดงออกถึงความกตัญญูกตเวที ,วันสงกรานต์ ,ถามตอบ
ข้อใด มีอิทธิพลต่อการประกอบอาชีพของคนไทยมากที่สุด ,ลักษณะทางภูมิศาสตร์ ,ถามตอบ
ในวันสำคัญทางศาสนานอกจากประกอบพิธีกรรมแล้วนักเรียนสามารถทำอะไรได้อีก ,ช่วยพัฒนาสถานที่สำคัญทางศาสนา ,ถามตอบ
หลักธรรมของพระพุทธศาสนาสามารถพิสูจน์ได้โดยวิธีใด ,การปฏิบัติ ,ถามตอบ
ศาสนาแต่ละศาสนามีความแตกต่างกันในเรื่องใดมากที่สุด ,พิธีกรรม ,ถามตอบ
ขอใดไม่จัดเป็นเครื่องมือทางภูมิศาสตร์ ,นาฬิกา ,ถามตอบ
ข้อใดเป็นหน้าที่ของพ่อแม่ที่มีต่อลูก ,อบรมสั่งสอนให้ลูกเป็นคนดี ,ถามตอบ
ถ้าเรามีเพื่อนที่ไม่ได้นับถือศาสนาเดียวกับเราเหรอควรปฏิบัติอย่างไร ,ไม่พูดลบหลู่ศาสนาที่เพื่อนนับถือ ,ถามตอบ
ครอบครัวจะมีความสุขถ้าทุกคนปฏิบัติตนอย่างไร ,ทำตามหน้าที่ของตนเอง ,ถามตอบ
นักเรียน เห็นคนในชุมชนกำลังช่วยกันทำความสะอาดในหมู่บ้านนักเรียนควรทำอย่างไร ,เข้าไปช่วยตามความสามารถ ,ถามตอบ
สิ่งสำคัญที่ทำให้ครอบครัวมีความสุขคือข้อใด ,ความรักความเข้าใจกัน ,ถามตอบ
การอยู่ร่วมกันในสังคมต้องยึดอะไรเป็นหลักปฏิบัติ ,กฎหมาย,ถามตอบ
เราจะช่วยบำรุงรักษาป่าไม้ได้อย่างไร ,ปลูกป่าทดแทน ,ถามตอบ
การเลือกซื้อสินค้าต้องคำนึงถึงเรื่องใดมากที่สุด ,ความจำเป็น ,ถามตอบ
ปัญหาได้มักเกิดขึ้นในชุมชนเมืองโดยเฉพาะเมืองใหญ่ๆ ,ปัญหาการจราจรติดขัด ,ถามตอบ
ก่อนซื้อสินค้าเราควรปฏิบัติอย่างไร ,สืบราคาจากหลายๆล้านก่อนซื้อ  ,ถามตอบ
ในการแสดงความคิดเห็นที่แตกต่างกันในระบอบประชาธิปไตยจะหาข้อยุติได้อย่างไร ,ให้เสียงข้างมากตัดสิน ,ถามตอบ
กฎหมายแม่บทที่ใช้ในการปกครองประเทศเรียกว่าอะไร ,รัฐธรรมนูญ ,ถามตอบ
นักเรียนควรปฏิบัติอย่างไรจึงจะเป็นนักเรียนที่ดี ,การปฏิบัติตามกฎของโรงเรียน ,ถามตอบ
อำนาจในการปกครองประเทศแบบประชาธิปไตยได้มาอย่างไร ,การเลือกตั้ง ,ถามตอบ
การตัดต้นไม่มีผลเสียในแง่ได้มากที่สุด ,ฝนแล้ง ,ถามตอบ
ผู้มีสิทธิออกเสียงเลือกตั้งควรทำอย่างไรเมื่อมีการเลือกตั้ง ,ไปเลือกคนดีมีความสามารถ ,ถามตอบ
การนอนหลับทับสิทธิมีผลเสียอย่างไร ,ทำให้การปกครองระบอบประชาธิปไตยไม่ได้ผล ,ถามตอบ
ถ้า มีการแสดงความคิดเห็นโต้แย้งกันในที่ประชุมนักเรียนจะทำอย่างไร ,รับฟังความคิดเห็นนั้นและคิดทบทวน ,ถามตอบ
ถ้าเราทำอะไรผิดแล้วกล่าวคำขอโทษผู้ฟังจะรู้สึกอย่างไรมากที่สุด,ให้อภัย ,ถามตอบ
เราสามารถช่วยครอบครัวประหยัดไฟฟ้าอย่างไร ,เมื่อเลิกใช้ไฟฟ้าแล้วปิดทันที ,ถามตอบ
ปัจจัยในข้อใดที่ทำให้ภาคอีสานเหมาะแก่การเลี้ยงสัตว์ ,มีพื้นที่กว้างขวาง ,ถามตอบ
มารยาทที่สมาชิกในครอบครัวควรปฏิบัติต่อกันมากที่สุดคือข้อใด ,พูดจาสุภาพต่อกัน ,ถามตอบ
สภาพอากาศในปัจจุบันร้อนขึ้นเรื่อยๆเกิดจากสาเหตุใด ,เกิดปรากฏการณ์เรือนกระจก ,ถามตอบ
ภูมิประเทศของภาคใต้มีลักษณะเป็นทิวเขาที่ราบลูกฟูกสลับกับเนินเขาเตี้ยๆ,ภาคตะวันออก ,ถามตอบ
นโยบายการปลูกป่ามีผลดีอย่างไรมากที่สุด ,ทำให้มีแหล่งต้นน้ำลำธารอุดมสมบูรณ์ ,ถามตอบ
เครื่องใช้ไฟฟ้าเมื่อใช้เสร็จแล้วเอาปลั๊กไฟออกจะมีผลดีอย่างไรที่สุด ,ป้องกันไฟไหม้ ,ถามตอบ
การฝึกสมาธิมีผลดีในด้านใด ,ทำให้จิตใจสงบสะอาดผ่องใส ,ถามตอบ
การพูดอย่างไรที่ทำให้ผู้อื่นเดือดร้อนและไม่มีใครอยากคบ ,พูดนินทา ,ถามตอบ
การยืนตรงเมื่อได้ยินเพลงสรรเสริญพระบารมีมีการแสดงคุณธรรมด้านใด ,ความจงรักภักดี ,ถามตอบ
การถวายความจงรักภักดีที่ดีที่สุดต่อพระมหากษัตริย์ควรทำอย่างไร ,ปฏิบัติตามพระบรมราโชวาทในโอกาสต่างๆ ,ถามตอบ
เราจะซื่อสัตย์ต่อเพื่อนได้อย่างไร ,มีความจริงใจต่อเพื่อน ,ถามตอบ
หลักการสำคัญของสหกรณ์คือข้อใด ,ยึดถือการรวมกลุ่มคนเป็นหลัก ,ถามตอบ
การปฏิบัติตนในข้อใดที่ทำให้สังคมมีความสงบสุขมากที่สุด ,ปฏิบัติตามคำสั่งของศาสนาที่ตนนับถืออย่างเคร่งครัด ,ถามตอบ
ชาวมุสลิมทำการละหมาดเพื่อจุดประสงค์ใด ,เพื่อชำระจิตใจให้บริสุทธิ์ ,ถามตอบ
การศึกษาเกี่ยวกับภูมิธรณีเป็นการศึกษาเกี่ยวกับเรื่องได้ ,หินและแร่ธาตุ ,ถามตอบ
ศาสนามีประโยชน์อย่างไร ,เป็นที่พึ่งทางใจ ,ถามตอบ
จุดมุ่งหมายสำคัญของทุกศาสนาคืออะไร ,สอนให้ทุกคนทำความดี ,ถามตอบ
เพราะเหตุใดคนเราต้องนับถือศาสนา ,เพื่อเป็นแนวทางในการดำเนินชีวิต ,ถามตอบ
หลักคำสอนของศาสนาเรียกว่าอะไร ,พระธรรม,ถามตอบ
ศาสนาต่างๆส่วนใหญ่กำเนิดขึ้นทวีปได้ ,เอเชีย ,ถามตอบ
ผู้ที่เผยแพร่และปฏิบัติตามหลักธรรมคำสอนของศาสนาเรียกว่าอะไร ,สาวก ,ถามตอบ
คำว่าศาสดาหมายถึงใคร ,ผู้ก่อตั้งศาสนา ,ถามตอบ
ศาสนาประจำชาติไทยคือศาสนาใด ,พระพุทธศาสนา ,ถามตอบ
หลัก ธรรมในข้อใดที่เป็นหัวใจสำคัญของพระพุทธศาสนา ,ทำดีไม่ทำชั่วทำจิตใจให้บริสุทธิ์ ,ถามตอบ
คำสอนสำคัญของศาสนาคริสต์คือข้อใด ,บัญญัติ 10 ประการ ,ถามตอบ
จังหวัดใดในประเทศไทยที่ประชาชนส่วนใหญ่นับถือศาสนาอิสลาม ,ยะลา ปัตตานี นราธิวาส สตูล ,ถามตอบ
หลักธรรมข้อใดทำให้การทำงานกลุ่มสำเร็จลุล่วงไปด้วยดี ,ความสามัคคี ,ถามตอบ
หลักคำสอนของศาสนาอิสลามเน้นในเรื่องใด ,หลักศรัทธาและหลักปฏิบัติ ,ถามตอบ
การปฏิบัติตามหลักคำสอนทางศาสนาเกิดผลดีต่อสิ่งใดมากที่สุด ,จิตใจ ,ถามตอบ
ศาสนาคริสต์สอนให้รักเพื่อนบ้านคำว่าเพื่อนบ้านหมายถึงข้อใด ,มนุษย์ทั้งโลก ,ถามตอบ
หลักปฏิบัติข้อใดของศาสนาอิสลามที่ไม่ได้บังคับให้ทุกคนปฏิบัติ ,การประกอบพิธีอัจญ์,ถามตอบ
ถ้าพบกระเป๋าเงินตกในบริเวณโรงเรียนนักเรียนควรทำอย่างไร ,นำส่งครูให้ประกาศหาเจ้าของ ,ถามตอบ
ลักษณะของการทำความดีขึ้นอยู่กับข้อใด ,มีเจตนาดีในการทำ ,ถามตอบ
ถ้าเพื่อนของนักเรียนชอบไปยิงนกยิงปลาควรจะ 5 มปรามเพื่อนอย่างไร ,อย่าทำเพราะมันก็รักชีวิตเหมือนกัน ,ถามตอบ
การปฏิบัติในข้อใดจะครอบคลุมคุณธรรม 4 ประการอันเป็นแนวพระราชดำรัส ,ปฏิบัติตามหลักธรรมของศาสนา ,ถามตอบ
ถ้าทุกคนมีความซื่อสัตย์เป็นพื้นฐานการดำเนินชีวิตจะไม่ก่อให้เกิดปัญหาใด ,ปัญหาการทุจริตคดโกง ,ถามตอบ
การที่เรารู้จักใช้จ่ายเงินแสดงว่าเราปฏิบัติตามค่านิยมข้อใด ,ประหยัดอดออม ,ถามตอบ
ถ้าเราวิ่งข้ามถนนใต้สะพานลอยแสดงว่าเราขาดคุณธรรมพื้นฐานข้อใด ,การเคารพกฎหมาย ,ถามตอบ
หลักปฏิบัติข้อใดเป็นการฝึกความอดทนของชาวมุสลิม ,การถือศีลอด ,ถามตอบ
คุณธรรม 4 ประการอันเป็นแนวพระราชดำรัสมีประโยชน์ต่อใครมากที่สุด ,คนไทยทุกคน ,ถามตอบ
เมื่อเกิดปัญหาในการทำงานนักเรียนควรปฏิบัติอย่างไร ,หาวิธีแก้ไขโดยใช้เหตุผล ,ถามตอบ
ถ้ามีการโต้แย้งในหมู่คณะควรใช้วิธีใดแก้ไขปัญหา ,ใช้เหตุผลและปัญญา ,ถามตอบ
การลงแขกเกี่ยวข้าวของชาวนาหมายถึงคุณธรรมในข้อใดมากที่สุด ,สามัคคีธรรม ,ถามตอบ
ถ้าถูกเพื่อนล้อว่าเขียนหนังสือไม่สวยนักเรียนควรปฏิบัติอย่างไร ,สำรวจตนเองและปรับปรุงแก้ไข ,ถามตอบ
ถ้าได้รับการคัดเลือกให้เป็นหัวหน้าห้องเราควรปฏิบัติอย่างไร ,วางตัวให้เหมาะสมกับหน้าที่ ,ถามตอบ
เราควรปฏิบัติตามกฎหมายเพราะเหตุใด ,พอจะทำให้สังคมไม่วุ่นวาย ,ถามตอบ
การวิ่งเล่นในโรงพยาบาลควรทำหรือไม่ ,ไม่ควรเพราะเป็นการรบกวนผู้อื่น ,ถามตอบ
นักเรียนจะช่วยอนุรักษ์สิ่งแวดล้อมได้อย่างไร ,ใช้ทรัพยากรอย่างประหยัด ,ถามตอบ
นักเรียนจะช่วยอนุรักษ์ประเพณีในจังหวัดได้อย่างไร ,ปฏิบัติตามประเพณีที่ดี ,ถามตอบ
เมื่อไปบ้านเพื่อนเราควรปฏิบัติอย่างไร ,ทำความเคารพผู้ใหญ่ในบ้าน ,ถามตอบ
เพราะเหตุใดเราจึงเรียนรู้เกี่ยวกับกฎหมาย ,เพราะ จะได้ปฏิบัติตนได้อย่างถูกต้อง ,ถามตอบ
เมื่ออายุครบ 15 ปีนักเรียนจะต้องปฏิบัติตนตามกฎหมายอย่างไร ,ทำบัตรประจำตัวประชาชน ,ถามตอบ
การที่นักเรียนได้รับการศึกษาขั้นพื้นฐานจะเป็นสิทธิในข้อใด ,สิทธิที่จะได้รับการพัฒนา ,ถามตอบ
ถ้าพบเห็นเด็กถูกทำร้ายร่างกายนักเรียนควรทำอย่างไร ,บอกผู้ปกครองหรือครู ,ถามตอบ
กฎหมายเป็นข้อบังคับให้ทุกคนปฏิบัติเพื่ออะไร ,ความยุติธรรม ,ถามตอบ
เราควรซื้อของอย่างไรจึงจะได้ชื่อว่าประหยัดและคุ้มค่า ,ตามความจำเป็น ,ถามตอบ
การตัดสินใจเลือกซื้อสินค้าและบริการควรคำนึงถึงสิ่งใดมากที่สุด ,รายได้ ,ถามตอบ
ระบบเศรษฐกิจข้อใดที่ขึ้นอยู่กับอำนาจรัฐและหน่วยงานของรัฐ ,เศรษฐกิจแบบบังคับ ,ถามตอบ
ระบบเศรษฐกิจแบบใดที่อำนาจการตัดสินใจทางเศรษฐกิจส่วนใหญ่ขึ้นอยู่กับฝ่ายเอกชน ,เศรษฐกิจแบบตลาด ,ถามตอบ
การตัดสินใจเลือกผลิตสินค้าในระบบเศรษฐกิจแบบดั้งเดิมควรนึกถึงสิ่งใดมากที่สุด ,ความต้องการของคนในครอบครัว ,ถามตอบ
องค์ประกอบที่เกี่ยวข้องกับกิจกรรมทางเศรษฐกิจเรียกว่าอะไร ,หน่วยเศรษฐกิจ ,ถามตอบ
ประเทศไทยใช้ระบบเศรษฐกิจแบบใด ,แบบผสม ,ถามตอบ
ระบบเศรษฐกิจแบบตลาดเรียกอีกอย่าง หนึ่ง ว่าอะไร ,ระบบเศรษฐกิจแบบบังคับ ,ถามตอบ
นักเรียนควรซื้อสินค้าเพราะเหตุใดมากที่สุด ,ความจำเป็น ,ถามตอบ
การเรียนรู้เกี่ยวกับการผลิตและการบริโภคทรัพยากรเรียกว่าอะไร ,เศรษฐศาสตร์ ,ถามตอบ
เทคโนโลยีใด ช่วยเพิ่มผลผลิตการเพาะปลูก ,รถไถนา ,ถามตอบ
ปัจจัยใดทำให้เกิดการผลิตสินค้าและบริการมากที่สุด ,ความต้องการปัจจัย 4 ,ถามตอบ
ชาวนาเป็นหน่วยเศรษฐกิจในข้อใด ,ผู้ผลิต ,ถามตอบ
สินค้าใดจัดเป็นสินค้าคงทนถาวร ,นาฬิกา ,ถามตอบ
เงินเหรียญชนิดใดไม่มีใช้ในปัจจุบัน ,เหรียญ   15 สตางค์ ,ถามตอบ
การซื้อขายแบบผ่อนส่งเงินที่ชำระในครั้งแรกเรียกว่าอะไร ,เงินดาวน์ ,ถามตอบ
การซื้อสินค้าผ่อน มีผลดีอย่างไร ,ได้สินค้ามาใช้ก่อนจ่ายเงิน ,ถามตอบ
ธนาคารกลางมีหน้าที่อย่างไร ,เป็นนายธนาคารของธนาคารพาณิชย์ ,ถามตอบ
เหตุใดเงินจึงทำให้ประชาชนมีความเป็นอยู่ที่สะดวกขึ้น ,เงินเป็นสื่อกลางในการแลกเปลี่ยนสินค้าและบริการ ,ถามตอบ
การจัดตั้งสหกรณ์โรงเรียนใครควรเป็นประธานคณะกรรมการที่ปรึกษา ,ครูใหญ่ ,ถามตอบ
การปฏิบัติตนตามแนวคิดเศรษฐกิจพอเพียงควรเริ่มจากที่ใด ,ตนเอง ,ถามตอบ
นักเรียนสามารถเรียนรู้กิจการสหรณ์ได้อย่างไร ,จัดตั้งสหกรณ์ในโรงเรียน ,ถามตอบ
นักเรียนมีโอกาสสมัครเป็นสมาชิกสหกรณ์ประเภทใดได้,สหกรณ์ร้านค้า ,ถามตอบ
การจัดตั้งสหกรณ์ที่สมบูรณ์แบบต้องประกอบด้วยบุคคลจำนวนเท่าใด ,10 คนขึ้นไป ,ถามตอบ
เหตุใดคนในภาคเหนือจึงนิยมสร้างบ้านด้วยไม้ ,พื้นที่มีป่าไม้สมบูรณ์ ,ถามตอบ
ในท้องถิ่นที่พื้นดินมีความอุดมสมบูรณ์คนมักนิยมประกอบอาชีพได้ ,เพาะปลูก,ถามตอบ
เหตุใดคนภาคอีสานจึงนิยมแต่งกายด้วยผ้าฝ้าย  ,มีสภาพอากาศร้อนและแห้งแล้ง ,ถามตอบ
การประกอบอาชีพเพาะปลูกในพื้นที่ต่างๆมีความแตกต่างกันเนื่องจากสาเหตุใด ,มีสภาพแวดล้อมต่างกัน ,ถามตอบ
เหตุใดคนในภาคตะวันออกจึงประกอบอาชีพทำประมงน้ำเค็ม ,อยู่ติดชายฝั่ง ,ถามตอบ
การประกอบอาชีพใดที่มีความเหมาะสมกับพื้นที่ทางภาคใต้ ,การทำสวนยางพารา ,ถามตอบ
การใช้แผนที่ให้ถูกต้องควรเรียนรู้เกี่ยวกับสิ่งใดให้เข้าใจก่อน ,ส่วนประกอบของแผนที่ ,ถามตอบ
ถ้าต้องการสำรวจข้อมูลของประเทศในด้านภูมิศาสตร์ควรใช้เครื่องมือประเภทใด ,แผนที่ ,ถามตอบ
การศึกษาแผนที่ ภูมิประเทศทำให้เรารู้เกี่ยวกับเรื่องได้ ,สภาพต่างๆบนผิวโลก ,ถามตอบ
ถ้าต้องการศึกษาเกี่ยวกับบริเวณที่ตั้งของจังหวัดที่เราอาศัยอยู่ควรศึกษาจากที่ใด ,แผนที่ประเทศ ,ถามตอบ
ภูมิปฐพีคือการศึกษาเกี่ยวกับเรื่องใด ,ดิน ,ถามตอบ
การสร้างเรือในภาคใต้ไม่นิยมฝังเสาเรือนลงดิน ,ภาคใต้ ,ถามตอบ
ข้อใดคือสาเหตุทางธรรมชาติที่ทำให้ดินเสื่อมโทรม ,อากาศแห้งแล้ง ,ถามตอบ
ทำอย่างไรจึงจะได้ชื่อว่าอนุรักษ์น้ำ ,ใช้น้ำเฉพาะที่จำเป็น ,ถามตอบ
เหตุใดชาวภาคกลางจึงนิยมสร้างเรือนที่มีใต้ถุนสูงมาก ,ป้องกันน้ำท่วม ,ถามตอบ
สถานที่ใดที่มักจะมีประชากรอาศัยอยู่หนาแน่นที่สุด ,ในเมืองหลวง ,ถามตอบ
ถ้าประชากรเพิ่มขึ้นอย่างรวดเร็วจะส่งผลต่อสิ่งใดมากที่สุด ,ความหนาแน่นของประชากรมากขึ้น ,ถามตอบ
อะไรเป็นสาเหตุทำให้ประชากรลดลง ,สภาพอากาศ ,ถามตอบ
ประชากรในภาครายมีอัตราการอพยพเข้ามาในกรุงเทพฯมากที่สุด ,ภาคอีสาน ,ถามตอบ
การคุมกำเนิดทำให้เกิดผลอย่างไรตามมา ,ประชากรลดลง,ถามตอบ
การอพยพแรงงานในชนบทมักเกิดขึ้นในช่วงเวลาใดมากที่สุด ,หลังฤดูเก็บเกี่ยว ,ถามตอบ
หลักตรีเอกานุภาพในชัยชนะคลิปไว้ถึงข้อใด ,พระบิดา พระบุตร พระจิต ,ถามตอบ
ในองค์ประกอบของศาสนาองค์ประกอบได้เกี่ยวข้องกับเรามากที่สุด ,หลักธรรมคำสอน ,ถามตอบ
ศาสนาทุกศาสนาไม่ได้สอนให้ศาสนิกชนของตนเป็นคนเช่นไร ,เอาเปรียบผู้อื่น ,ถามตอบ
วัฒนธรรมข้อใดเกี่ยวข้องกับการเกษตร ,การแห่นางแมว ,ถามตอบ
ค่านิยมใดที่ควรปลูกฝัง ,การยกย่องผู้ที่ทำความดี  ,ถามตอบ
ข้อใดเป็นวัฒนธรรมแบบผสมผสาน , การกินเจ ,ถามตอบ
การลงคะแนนเลือกตั้งหลักฐานใดมีความสำคัญที่สุด ,บัตรประจำตัวประชาชน  ,ถามตอบ
ผู้คนจะอาศัยอยู่หนาแน่นในบริเวณใด ,ที่ราบ ,ถามตอบ
จังหวัดที่มีภูมิอากาศหนาวควรปลูกพืชชนิดใด ,สตรอเบอรี่ ลิ้นจี่ ลูกท้อ ,ถามตอบ
น้ำมีความสำคัญต่อชีวิตในด้านใดมากที่สุด ,ใช้อุปโภคบริโภค ,ถามตอบ
การทำลายป่าชายเลนจะมีผลกระทบต่อทรัพยากรได้มากที่สุด ,สัตว์น้ำ ,ถามตอบ
ศาสนาใดไม่มีศาสดาผู้ก่อตั้งศาสนา ,ศาสนาพราหมณ์-ฮินดู ,ถามตอบ
ศาสนาคริสต์เกิดขึ้นในประเทศใด ,อิสราเอล ,ถามตอบ
ศาสนาทุกศาสนามีจุดมุ่งหมายที่เหมือนกันคือข้อใด ,สอนให้ทำความดีละเว้นความชั่ว ,ถามตอบ
พระเจ้าของศาสนาอิสลามคือพระเจ้าพระองค์ใด,พระอัลเลาะห์ ,ถามตอบ
ศาสนาใดเกิดขึ้นในประเทศซาอุดิอาระเบีย ,ศาสนาอิสลาม ,ถามตอบ
ศาสนาพราหมณ์ฮินดูเกิดขึ้นในประเทศใด ,อินเดีย ,ถามตอบ
ศาสนาใดไม่ได้เกิดขึ้นในประเทศอินเดีย ,ศาสนาอิสลาม ,ถามตอบ
หลักความรักในศาสนาคริสต์สอดคล้องกับหลักธรรมใดในพระพุทธศาสนา ,พรหมวิหาร 4 ,ถามตอบ
หลักฆราวาสธรรมเป็นหลักปฏิบัติของใคร ,พระอัลเลาะห์ท่านนบีมูฮัมหมัด ,ถามตอบ
การมีอุเบกขาทำให้เกิดผลดีในข้อใด ,จิตใจสงบ ,ถามตอบ
ข้อใดคือแนวปฏิบัติของผู้นับถือศาสนาอิสลาม ,ละหมาดวันละ 5 เวลา ,ถามตอบ
การบวงสรวงต่างๆเป็นพิธีกรรมของศาสนาใด ,ศาสนาพราหมณ์ฮินดู ,ถามตอบ
เราควรระงับความโกรธด้วยวิธีใด ,ฝึกจิตใจให้สงบ ,ถามตอบ
การจะทำงานให้สำเร็จควรเริ่มจากข้อใด ,กำหนดขั้นตอนการทำงาน ,ถามตอบ
การแสดงความกตัญญูกตเวทีมีผลดีต่อผู้ปฏิบัติอย่างไร  ,มีความสุขในการกระทำ ,ถามตอบ
บทบาทหมายถึงข้อใด ,ปฏิบัติหน้าที่ตามสถานภาพที่มีอยู่ ,ถามตอบ
การอนุรักษ์ทรัพยากรธรรมชาติและสิ่งแวดล้อมเป็นหน้าที่ของใคร ,ทุกคน ,ถามตอบ
ค่านิยมใดที่ควรปลูกฝัง ,การยกย่องผู้ที่ทำความดี  ,ถามตอบ
แนวทางปฏิบัติ คนในสังคมที่ปฏิบัติอยู่เป็นปกติถ้าใครไม่ปฏิบัติตามอาจถูกตำหนิจากสังคมเรียกว่าอะไร , วิถีประชา ,ถามตอบ
การทักทายกันตามแบบประเพณีไทยควรทำอย่างไร ,ยกมือไหว้ ,ถามตอบ
วัฒนธรรมแม้ข้อใดที่คนไทยดัดแปลงมาจากต่างประเทศ ,การใช้สช้อนส้อมรับประทานอาหาร ,ถามตอบ
 นักเรียนจะช่วยอนุรักษ์วัฒนธรรมของจังหวัดได้อย่างไร ,เข้าร่วมประเพณีของท้องถิ่น ,ถามตอบ
องค์การบริหารส่วนจังหวัดยึดหลักใดในการปกครอง ,การกระจายอำนาจ ,ถามตอบ
การบริหารงานของบุคคลขององค์การบริหารส่วนจังหวัดเป็นหน้าที่ของใคร ,นายกองค์การบริหารส่วนจังหวัด ,ถามตอบ
ผู้ว่าราชการจังหวัด สังกัดกระทรวงใด ,กระทรวงมหาดไทย ,ถามตอบ
ถ้านักเรียนมีสิทธิเลือกตั้งควรเลือกบุคคลแบบใด ,มีความเสียสละ ,ถามตอบ
องค์การบริหารส่วนจังหวัดมีใครเป็นประธาน ,สมาชิกสภาองค์การบริหารส่วนจังหวัด ที่ได้รับคัดเลือก ,ถามตอบ
การปกครองระบอบประชาธิปไตยอำนาจสูงสุดเป็นของใคร ,ปวงชนชาวไทย ,ถามตอบ
ศาลได้เมื่อพิพากษาคดีแล้วถือเป็นที่สิ้นสุด ,ศาลฎีกา ,ถามตอบ
อำนาจนิติบัญญัติหมายถึงข้อใด ,อำนาจในการออกยกเลิกแก้ไขหรือเพิ่มเติมกฎหมาย ,ถามตอบ
พระมหากษัตริย์ทรงใช้อำนาจบริหารผ่านทางได้ ,คณะรัฐมนตรี ,ถามตอบ
กฎหมายทุกฉบับจะต้องอยู่ภายใต้หลักการของอะไร ,รัฐธรรมนูญ ,ถามตอบ
นิติกรรมใดที่ผู้เยาว์สามารถทำได้ ,เก็บเงินเพื่อซื้อรถจักรยาน ,ถามตอบ
บุคคลจะบรรลุนิติภาวะได้ เมื่อใด ,เมื่ออายุครบ 20 ปี บริบูรณ์ ,ถามตอบ
การสมรสที่ถูกต้องสมบูรณ์จะต้องดำเนินการตามข้อใด ,จดทะเบียนสมรส ,ถามตอบ
ครอบครัวจะมีความสุขถ้าปฏิบัติอย่างไร ,รู้จักสิทธิหน้าที่ของตนเอง ,ถามตอบ
เด็กหมายถึงผู้มีอายุต่ำกว่าเท่าใด ,18 ปี ,ถามตอบ
สิทธิพื้นฐานของอนุสัญญาสิทธิเด็กเป็นข้อตกลงขององค์การใด  ,สหประชาชาติ ,ถามตอบ
ถ้านักเรียนจะผลิตสินค้าจะต้องคำนึงถึงข้อใดเป็นอันดับแรก ,ผลิตอะไร ,ถามตอบ
ถ้าจำนวนเงินเท่าเดิมแต่ซื้อสินค้าได้น้อยลงแสดงว่าค่าของเงินเป็นอย่างไร ,ลดลง ,ถามตอบ
ตลาดในระบบเศรษฐกิจมีกี่ประเภท ,2ประเภท ,ถามตอบ
การกู้เพื่อสร้างบ้านจัดอยู่ในสินเชื่อประเภทใด ,เพื่อที่อยู่อาศัย ,ถามตอบ
สินเชื่อในรูปของบัตรเครดิตจัดอยู่ในสินเชื่อประเภทใด ,ส่วนบุคคล ,ถามตอบ
สถาบันการเงินใดที่ให้กู้เงินแก่บุคคลทั่วไปโดยรับจำนำสิ่งของเครื่องใช้ต่างๆ ,โรงรับจำนำ ,ถามตอบ
เงินที่รัฐบาลเรียกเก็บจากบุคคลหรือนิติบุคคลเพื่อเป็นค่าใช้จ่ายในการพัฒนาประเทศเรียกว่าอะไร ,ภาษี ,ถามตอบ
สถาบันการเงินได้ที่รับฝากไว้ให้ผู้ยืมเงินแก่บุคคลที่เป็นสมาชิกเท่านั้น ,สหกรณ์ออมทรัพย์ ,ถามตอบ
ความสำคัญสูงสุดของภาษีคือข้อใด ,การพัฒนาประเทศ ,ถามตอบ
ถ้าเราหลีกเลี่ยงไม่เสียภาษีหรือเสียภาษีไม่ถูกต้องจะเกิดผลอย่างไร  ,ได้รับโทษทางอาญา ,ถามตอบ
การเข้าเป็นสมาชิกของสหกรณ์ควรมีคุณสมบัติอย่างไร ,มีความสมัครใจ ,ถามตอบ
สหกรณ์แห่งแรกของประเทศไทยตั้งอยู่ที่จังหวัดใด ,พิษณุโลก ,ถามตอบ
ขั้นตอนแรกของการจัดตั้งสหกรณ์ในชุมชนคือข้อใด ,รับสมัครสมาชิกและรวบรวมหุ้น  ,ถามตอบ
การเกษตรทฤษฎีใหม่ของพระราชทานสมเด็จพระเจ้าอยู่หัวทรงเน้นแก้ไขปัญหาหลักของเกษตรกรในเรื่องใด ,ที่ทำกิน ,ถามตอบ
เพราะเหตุใดผลผลิตจึงมีราคาต่ำ ,ออกจำหน่ายในเวลาใกล้เคียงกัน ,ถามตอบ
ข้อใดช่วยแก้ไขปัญหาการขาดแคลนแรงงานทุนและผู้ประกอบการใด ,พึ่งพาปัจจัยการผลิตจากท้องถิ่น ,ถามตอบ
โครงการ หนึ่ง ตำบล หนึ่ง ผลิตภัณฑ์มีข้อดีอย่างไร ,ช่วยให้ผู้ผลิตมีรายได้เพิ่มขึ้น ,ถามตอบ
ภาคใดของประเทศไทยที่มีลักษณะภูมิประเทศส่วนใหญ่เป็นที่ราบสูง ,ภาคอีสาน ,ถามตอบ
ลักษณะภูมิประเทศแบบใดที่คนมักตั้งบ้านเรือนอาศัยอยู่หนาแน่น ,ลักษประเทศที่เป็นที่ราบ และชายฝั่งทะเล ,ถามตอบ
การศึกษามิติสัมพันธ์เชิงทำเลที่ตั้งไม่ได้รวมถึงข้อใด ,จำนวนประชากร ,ถามตอบ
ภูมิอากาศไม่มีอิทธิพลต่อสิ่งใดของคน ,สติปัญญาและความสามารถ ,ถามตอบ
สีน้ำเงินในแผนที่หมายถึงสิ่งใด ,ทะเล ,ถามตอบ
โลกโคจรรอบดวงอาทิตย์ทำให้เกิดปรากฏการณ์ได้ ,ฤดูกาล ,ถามตอบ
ป่าไม้ที่หนาทึบมักจะมีฝนตกชุกเพราะเหตุใด ,มีความชื้นสูง ,ถามตอบ
การทำลายป่าชายเลนจะมีผลกระทบต่อทรัพยากรได้มากที่สุด ,สัตว์น้ำ ,ถามตอบ
แร่ชนิดได้นำมาใช้ประโยชน์ในการให้พลังงาน ,ถ่านหิน ,ถามตอบ
ถ้าป่าไม้ในประเทศไทยถูกตัดทำลายไปจนหมดนักเรียนคิดว่าจะเกิดอะไรขึ้นในอนาคต ,พื้นดินจะแห้งแล้งแล้วจะค่อยๆกลายเป็นทะเลทราย ,ถามตอบ
การอนุรักษ์ทรัพยากรธรรมชาติชนิดใดที่ถือเป็นการอนุรักษ์ต้นน้ำลำธารให้สมบูรณ์ ,ป่าไม้ ,ถามตอบ
ดินในภาคใดเหมาะแก่การเพาะปลูกมากที่สุด ,ภาคกลาง ,ถามตอบ
ประเพณีได้เป็นของภาคอีสาน ,ประเพณีบุญบั้งไฟ ,ถามตอบ
ขนบธรรมเนียมประเพณีข้อใดคือลักษณะภูมิประเทศของภาคเหนือ ,มีภูเขาสูงสลับกับที่ราบระหว่างหุบเขา ,ถามตอบ
คนในภาคใดมีการอพยพย้ายถิ่นมากที่สุด ,ภาคตะวันออกเฉียงเหนือ ,ถามตอบ
ถ้าจำนวนประชากรเพิ่มขึ้นจำนวนมากจะมีผลกระทบต่อเรื่องใดมากที่สุด ,ทรัพยากร ,ถามตอบ
การมาเล่นได้เป็นของภาคใต้ ,รองเง็ง,ถามตอบ
คุณภาพชีวิตของประชากรขึ้นอยู่กับข้อใดมากที่สุด ,อาชีพและรายได้ ,ถามตอบ
วิธีที่ดีที่สุดในการป้องกันการย้ายถิ่นของประชากรคือข้อใด ,ฝึกอบรมให้มีใจรักท้องถิ่น ,ถามตอบ
คนในชนบทที่เข้ามาอาศัยในเมืองใหญ่ๆมักหางานทำลักษณะใด ,รับจ้าง ,ถามตอบ
จารีตจะเป็นกฎเกณฑ์ที่เกี่ยวข้องกับเรื่องใด ,ศาสนา ,ถามตอบ
ในวันเกิดของตนนักเรียนควรปฏิบัติอย่างไรจึงจะเหมาะสมในฐานะเป็นสาชนิกชน ,บำเพ็ญสาธารณประโยชน์ ,ถามตอบ
การวาดภาพพุทธประวัติเป็นศิลปกรรมที่เป็นเอกลักษณ์ไทย แขนงได้ ,จิตรกรรม ,ถามตอบ
ห้างสรรพสินค้าเป็นกิจกรรมทางเศรษฐกิจของหน่วยเศรษฐกิจได้ ,หน่วยธุรกิจ ,ถามตอบ
ความหมายของการปกครองแบบประชาธิปไตยคือข้อใด ,ประชาชนมีส่วนร่วมในการปกครอง ,ถามตอบ
ตลาดขายสัตว์เลี้ยงจัดเป็นตลาดประเภทใด ,ตลาดตามชนิดของสินค้า ,ถามตอบ
สถาบันการเงินนำเงินทุนจากไหนมาให้หน่วยเศรษฐกิจกู้ยืม ,เงินฝากของประชาชน ,ถามตอบ
กฎหมายสูงสุดที่ใช้เป็นหลักในการปกครองประเทศคือข้อใด ,รัฐธรรมนูญ ,ถามตอบ
การคัดเลือกประกอบอาชีพควรคำนึงถึงสิ่งใดเป็นสำคัญ ,ความถนัดและความสามารถ ,ถามตอบ
การกระทำผิดกฎหมายจะได้รับผลอย่างไร ,ถูกลงโทษตามกฎหมายบ้านเมือง ,ถามตอบ
การเกิดจันทรุปราคาตำแหน่งของดวงดาวสัมพันธ์กับข้อใด ,ดวงอาทิตย์โลกดวงจันทร์ ,ถามตอบ
ผู้ที่มีอาชีพค้าขายควรมีลักษณะตามข้อใดมากที่สุด ,มีมนุษย์สัมพันธ์ดี ,ถามตอบ
ปรากฏการณ์นั้นเพื่อขึ้นน้ำลงเกิดขึ้นเพราะสาเหตุใด ,แรงดึงดูดระหว่างโลกกับดวงจันทร์ ,ถามตอบ
ปรากฎการณ์สุริยุปราคาเกิดขึ้นเพราะสาเหตุใด ,ดวงจันทร์บางแสง อาทิตย์ ,ถามตอบ
การกระทำใดจัดอยู่ในหลักเบญจศิล,การพูดเรื่องจริง ,ถามตอบ
จุดประสงค์หลักของการกรวดน้ำหลังจากทำบุญคือข้อใด ,อุทิศส่วนกุศล ,ถามตอบ
นักเรียนคิดว่าจังหวัดใดมีประชากรอาศัยอยู่มากที่สุด ,กรุงเทพฯ ,ถามตอบ
คนประเภทใดที่น่าจะเป็นคนที่เสียสละเพื่อส่วนรวมได้ ,คนไม่เห็นแก่ตัว ,ถามตอบ
สังคมแรกของมนุษย์คือข้อใด ,ครอบครัว ,ถามตอบ
วิธีการในข้อใดจะทำให้สังคมมีความเจริญและน่าอยู่ ,ทุกคนรู้จักหน้าที่และร่วมมือกัน ,ถามตอบ
ถ้าต้องการซื้อนมกล่องควรตรวจสอบอย่างไร ,ดูวันหมดอายุ ,ถามตอบ
เนื้อสัตว์ชนิดใดที่ผู้ที่นับถือศาสนาพราหมณ์ฮินดูไม่รับประทาน ,วัว ,ถามตอบ
หลักธรรมของศาสนาสิกข์มีจุดมุ่งหมายให้ผู้ปฏิบัติได้รับผลอย่างไร ,ได้พบความสุขที่แท้จริง ,ถามตอบ
เพราะเหตุใดจึงกล่าวว่าการบวชเป็นการสืบทอดพระพุทธศาสนา ,พระสงฆ์เป็นผู้ถ่ายทอดคำสอนของพระพุทธเจ้า ,ถามตอบ
เราควรปฏิบัติต่อผู้สืบทอดศาสนาอย่างไร ,แสดงความเคารพ ,ถามตอบ
ภาคใต้มักประสบปัญหาอุทกภัยอยู่เสมอนักเรียนคิดว่าจะช่วยแก้ปัญหานี้ได้อย่างไร ,เชิญชวนให้คนอนุรักษ์ป่าไม้ ,ถามตอบ
การละหมาดเป็นการกระทำเพื่อจุดมุ่งหมายได้ ,นมัสการพระอัลเลาะห์ ,ถามตอบ
นักเรียนจะมีวิธีแนะนำชาวนาในการอนุรักษ์บินได้อย่างไร ,แนะนำให้ปลูกพืชหมุนเวียน ,ถามตอบ
การปฏิบัติตนตามศีลห้าอย่างเคร่งครัดมีประโยชน์อย่างไร ,ทำให้เป็นคนดีน่าเชื่อถือ ,ถามตอบ
การปฏิบัติในข้อใดเป็นหลักปฏิบัติของพระพุทธศาสนาและ ศาสนาอิสลามที่ระบุไว้อย่างชัดเจน ,งดดื่มสุรา ,ถามตอบ
อาชีพบริการด้านใดที่ถือว่าผิดกฎหมายและทำลายวัฒนธรรมประเพณี ,บริการทางเพศ ,ถามตอบ
ข้าราชการที่ดีไม่ควรมีสิ่งใด ,ความถือตัว ,ถามตอบ
ผู้นำของประเทศต้องยึดหลักคุณธรรมในข้อใดมากที่สุด ,ความซื่อสัตย์ ,ถามตอบ
งานวันเด็กมีจุดมุ่งหมายเพื่ออะไร ,ให้เห็นความสำคัญของเด็ก ,ถามตอบ
เวลาเล่นกับเพื่อนข้อใดสำคัญที่สุด ,มีน้ำใจนักกีฬา ,ถามตอบ
การค้าขายสินค้าประเภทใดที่เป็นการทำลายทรัพยากรธรรมชาติ  ,อวัยวะหรือชิ้นส่วนต่างๆของสัตว์ป่า ,ถามตอบ
ทำไมพุทธศาสนาจึงสอนให้คนประกอบอาชีพธุรกิจ ,เพราะเป็นอาชีพที่ไม่เบียดเบียนผู้อื่น ,ถามตอบ
จุดประสงค์สำคัญในการถือบวชในศาสนาอิสลามคือข้อใด ,มีความอดทน ,ถามตอบ
หลักธรรมของศาสนาคริสต์เน้นข้อใดเป็นสำคัญ ,ความรัก ,ถามตอบ
การสูญเสียชีวิตของคนไทยในปัจจุบันเกิดจากสาเหตุใดมากที่สุด ,อุบัติเหตุ ,ถามตอบ
การเพิ่มประชากรมีสาเหตุสำคัญมาจากข้อใด ,การขาดความรู้เรื่องการวางแผนครอบครัว ,ถามตอบ
การอพยพของประชากรเข้าสู่เมืองใหญ่ก่อให้เกิดปัญหาได้น้อยที่สุด ,ปัญหาการกระจายรายได้ ,ถามตอบ
 คนไทยส่วนใหญ่ในชนบทมีอาชีพอะไร ,ทำนา ,ถามตอบ
พลังงานได้ที่เราใช้โดยไม่มีวันหมด ,พลังงานแสงอาทิตย์ ,ถามตอบ
เครื่องใช้ไฟฟ้าชนิดใดที่ใช้พลังงานไฟฟ้ามากที่สุด ,แอร์ ,ถามตอบ
การปรากฏการ์กลางวัน กลางคืนเกิดขึ้นเนื่องจากสาเหตุใด ,โลกหมุนรอบตัวเอง ,ถามตอบ
พื้นที่ที่เหมาะสมแก่การเลี้ยงสัตว์ของประเทศไทยอยู่บริเวณใด ,ภาคตะวันออกเฉียงเหนือ ,ถามตอบ
พิธีกรรมของศาสนาคริสต์ที่กระทำเพื่อยืนยันถึงการยอมรับนับถือศาสนาคริสต์คือวิธีกรรมใด ,พิธีศีลกำลัง ,ถามตอบ
การปฏิบัติตามหลักธรรมทางศาสนาเกิดผลดีต่อสิ่งใดมากที่สุด ,จิตใจ ,ถามตอบ
การทำความดีต้องมีลักษณะอย่างไร ,คำว่าเจตนาที่ดี ,ถามตอบ
การกระจายซะกาตในศาสนาอิสลามเป็นพิธีกรรมเกี่ยวกับเรื่องได้ ,การบริจาคทานแก่คนที่เหมาะสมตาม ศาสนบัญญัติ  ,ถามตอบ
ผลของการทำความดีตามคำสอนของศาสนาข้อใดสำคัญที่สุด ,มีความสุขทางใจ ,ถามตอบ
ก่อนที่พระพุทธศาสนาถือกำเนิดขึ้นมาชาวอินเดียในสมัยก่อนนับถือศาสนาใด ,พราหมณ์ ,ถามตอบ
การปฏิบัติในข้อใดเป็นพิธีกรรมในวันสำคัญทางพระพุทธศาสนา ,เวียนเทียน ,ถามตอบ
คุณธรรมสำคัญสำหรับการอยู่ร่วมกันในหมู่คณะคือข้อใด ,ความสามัคคี ,ถามตอบ
พิธีสราทธ์ในศาสนาฮินดูเป็นพิธีกรรมเกี่ยวกับเรื่องได้ ,การทำบุญอุทิศให้กับบรรพบุรุษ ,ถามตอบ
การปฏิญาณตนในศาสนาอิสลามเป็นการประกาศศรัทธาต่อผู้ใด ,พระอัลเลาะห์ ,ถามตอบ
การบวงสรวงต่างๆเป็นพิธีการสำคัญของศาสนาใด ,พราหมณ์ ,ถามตอบ
พิธีกรรมใดทางพระพุทธศาสนาที่มีจุดมุ่งหมายในการขัดเกลาจิตใจของเยาวชนชาวพุทธ ,พิธีบรรพชา ,ถามตอบ
การทำร้ายร่างกายผู้อื่นจนได้รับบาดเจ็บเป็นการทำผิดบรรทัดฐานข้อใด ,กฎหมาย,ถามตอบ
กฎหมายแตกต่างกับจารีตและวิถีชาวบ้านอย่างไร ,มีการกำหนดโทษสำหรับผู้กระทำผิดไว้ชัดเจน ,ถามตอบ
กฎหมายที่มีบทบัญญัติขัดกับรัฐธรรมนูญจะใช้บังคับไม่ได้เพราะอะไร ,รัฐธรรมนูญเป็นกฎหมายสูงสุดของประเทศ ,ถามตอบ
ถ้าลูกมีอายุถึงเกณฑ์เข้าเรียนแล้วพ่อแม่ไม่ให้เข้าเรียนจะมีผลอย่างไร ,พ่อแม่มีความผิดตามกฎหมาย ,ถามตอบ
การผลิตกระแสไฟฟ้าในประเทศไทยเป็นกิจกรรมทางเศรษฐกิจของหน่วยเศรษฐกิจใด ,หน่วยรัฐบาล ,ถามตอบ
ถ้าเราเลี้ยงปลาเพื่อจำหน่ายที่ดินหมายถึงข้อใด ,บ่อเลี้ยงปลา ,ถามตอบ
ธนาคารใดที่มีวัตถุประสงค์เฉพาะในการให้สินเชื่อเพื่อการปลูกสร้างที่อยู่อาศัย ,ธนาคารอาคารสงเคราะห์ ,ถามตอบ
สถานธนานุบาลจัดเป็นสถาบันการเงินประเภทใด ,โรงรับจำนำ ,ถามตอบ
สิ่งใดที่ผู้ขอสินเชื่อไม่สามารถนำมาใช้เป็นหลักฐานในการค้ำประกันเงินกู้ ,สร้อยคอ ,ถามตอบ
ภาษีใดที่ผู้บริโภคต้องเสียเมื่อซื้อสินค้า ,ภาษีมูลค่าเพิ่ม ,ถามตอบ
ธนาคารแห่งประเทศไทยเป็นธนาคารประเภทใด ,ธนาคารกลาง ,ถามตอบ
หน่วยงานที่มีหน้าที่จัดเก็บภาษีโดยตรงคือหน่วยงานใด ,กรมสรรพากร ,ถามตอบ
ผลตอบแทนที่สมาชิกได้รับจากการมีหุ้นในสหกรณ์คือข้อใด,เงินปันผล ,ถามตอบ
การจัดสรรที่ดินในการทำเกษตรทฤษฎีใหม่ส่วนใดที่จำเป็นต้องมี ,แหล่งน้ำ ,ถามตอบ
ปัจจัยที่มีผลต่อการผลิตและการบริการคืออะไร ,ความต้องการของผู้บริโภค ,ถามตอบ
เครื่องมือทางภูมิศาสตร์ในข้อใดที่มีลักษณะรูปคล้ายกับโลกมากที่สุด ,ลูกโลกจำลอง ,ถามตอบ
การที่ดวงจันทร์โคจรรอบโลกทำให้เกิดปรากฏการณ์ได้ ,ข้างขึ้นข้างแรม,ถามตอบ
ฤดูกาลเกิดขึ้นได้เพราะเหตุใด ,โลกเคลื่อนที่รอบดวงจันทร์ ,ถามตอบ
โลกหมุนรอบตัวเองในลักษณะใด ,หมุน ทวนเข็มนาฬิกา ,ถามตอบ
ภาคตะวันออกเฉียงเหนือมีสภาพอากาศแห้งแล้งฝนไม่ตกตามฤดูกาลทำให้เกิดมีประเพณีใด,ประเพณีแห่นางแมว ,ถามตอบ
ภาคใดประเภทไทยที่มีรูปคล้าย กับด้ามขวาน ,ภาคใต้ ,ถามตอบ
สีเขียวในแผนที่เป็นสัญลักษณ์ใช้แทนสิ่งใด ,ป่าไม้ ,ถามตอบ
การช่วยกันอนุรักษ์ทรัพยากรธรรมชาติในข้อใดเป็นการช่วยอนุรักษ์ต้นน้ำลำธาร ,ป่าไม้ ,ถามตอบ
ประเทศไทยมีลักษณะภูมิประเทศแบ่งเป็นกี่ภาค ,6 ภาค ,ถามตอบ
ภาคกลางเป็นแหล่งเพาะปลูกที่สำคัญจึงทำให้เกิดประเพณีใด,การทำขวัญข้าว ,ถามตอบ
ภาคตะวันออกเฉียงเหนือมีลักษณะทางกายภาพเป็นอย่างไร ,ที่ราบสูง ,ถามตอบ
การกระทำใดถือเป็นการปฏิบัติตามอุดมการณ์ของพระพุทธศาสนา ,มีความอดทนบากบั่นทำงานอย่างไม่ย่อท้อ ,ถามตอบ
วิทยาศาสตร์สอดคล้องกับพระพุทธศาสนาในเรื่องใด ,การแสวงหาความจริงด้วยการพิสูจน์เชิงประจักษ์ ,ถามตอบ
ธรรมที่เป็นเหตุให้ระลึกถึงกันมีความเคารพกันช่วยเหลือกันและสามัคคีพร้อมเพียงกันคือธรรมใด ,อปริหานิยธรรม,ถามตอบ
หากต้องการศึกษาประมวลพระธรรมเทศนาประวัติ และเรื่องราวต่างๆควรสืบค้นจากพระคัมภีร์ใดเป็นหลักฐานชั้นที่1 ,สุดตันตปิฎก,ถามตอบ
อกุสลกรรมและกุศลกรรมเป็นกรรมประเภทใด ,กรรมตามมูลเหตุ ,ถามตอบ
หากจัดประเภทของวัฒนธรรมตามเนื้อหาข้อใดจัดอยู่ในประเภทของสหธรรม ,มารยาท ,ถามตอบ
ประเทศไทยได้สถาปนาความสัมพันธ์ทางการทูตกับประเทศได้ตั้งแต่ก่อนสงครามโลกครั้งที่2,สหรัฐอเมริกา ,ถามตอบ
ตลาดผูกขาดก่อให้เกิดผลดีแก่สังคมได้อย่างไรเพราะเหตุใด ,ทำรายได้ให้รัฐบาลมากเพราะมีกำไรสูงจึงต้องจ่ายภาษีเงินได้ในอัตราสูง ,ถามตอบ
ชุมชนที่ต้องการพึ่งตนเองและช่วยเหลือกันด้านการเงินทุนในการใช้จ่ายเมื่อมีความจำควรจัด ตั้งสหกรณ์ประเภทใดในชุมชน ,สหกรณ์ออมทรัพย์ ,ถามตอบ
ในการรวมตัวเป็นประชาเศรษฐกิจอาเซียนได้มีการตกลงกันล่วงหน้าว่าจะให้ประเทศใดมีจุดเด่นในสาขาการผลิตภัณฑ์ยางและสิ่งทอ ,ประเทศมาเลเซีย ,ถามตอบ
ผลกระทบที่เกิดจากสงครามระหว่างอิรักกับอิหร่านทำให้ประเทศไทยต้องพึ่งพาความช่วยเหลือจากองค์การใด ,กองทุนการเงินระหว่างประเทศ ,ถามตอบ
วัฒนธรรมฮัวบิเนียนที่พบในดินแดงเอเชียตะวันออกเฉียงใต้อยู่ในยุคใด ,ยุคหินกลาง ,ถามตอบ
เส้นทางสายไหมมีความสำคัญต่อมนุษยชาติในเรื่องใด ,เป็นการแลกเปลี่ยนอารยธรรมระหว่างโลกตะวันออกกับตะวันตก ,ถามตอบ
แนวคิดใดที่ส่งเสริมให้เกิดการปฏิวัติทางวิทยาศาสตร์ ,ความคิดในแบบมนุษย์นิยม ,ถามตอบ
ชาวจีนที่เดินทางเข้ามาค้าขายในสมัยอยุธยาและต้นรัตนโกสินต้องอยู่ภายใต้การดูแลของหน่วยงานได้ ,กรมท่าซ้าย,ถามตอบ
คติการสร้างรูปเคารพแทนองค์พระมหากษัตริย์ในสังคมไทยสมัยอยุธยาถึงต้นรัตนโกสินนิยมสร้างแบบใด ,พระพุทธรูปทรงเครื่อง ,ถามตอบ
นโยบายการอนุรักษ์และส่งเสริมวัฒนธรรมเพื่อการพัฒนาประเทศเกิดขึ้นในรัฐบาลใด,จอมพล แปลก พิบูลสงคราม ,ถามตอบ
อุปกรณ์ใดใช้ศึกษาข้อมูลทางภูมิศาสตร์ได้อย่างถูกต้อง ,ระบบสารสนเทศภูมิศาสตร์แสดงข้อมูลหลายๆประเภทพร้อมกัน ,ถามตอบ
นายศาสนาคริสต์พิธีใดเป็นการชำระล้างบาปกำเนิด ,ศิลจุ่ม ,ถามตอบ
เพราะเหตุใดพระพุทธศาสนาจึงได้ชื่อว่าเป็นหลักการและวิธีการที่เป็นสากล ,เพราะสอนกฎแห่งความเป็นจริงตามธรรมชาติ ,ถามตอบ
ท่านอนาคาริก ธรรมปาละ ได้ชื่อว่าเป็นชาวพุทธตัวอย่างด้วยเรื่องใด ,เป็นผู้ฟื้นฟูพระพุทธศาสนาในอินเดีย ,ถามตอบ
พระพุทธศาสนามีคำสอนเรื่องความรักความเมตตาอยู่เน้นหลักธรรมใด ,พรหมวิหาร 4 ,ถามตอบ
ความในข้อแรกของ ปฏิญาณสากลว่าด้วยสิทธิมนุษยชนสนับสนุนให้มนุษย์ปฏิบัติต่อกันตามหลักการใด ,หลักภราดรภาพ,ถามตอบ
ผู้สนับสนุนการกระทำผิดด้วยความผิดทางอาญาต้องได้รับโทษอย่างไร ,ต้องได้รับโทษ 2ใน 3 ของโทษสำหรับตัวการ ,ถามตอบ
ตามการแบ่งประเภทยาเสพติดขององค์การอนามัยโลกยาบ้าเป็นยาเสพติดประเภทใด ,ประเภทแอมเฟตามิน ,ถามตอบ
ผู้ใดมีความสำคัญมากที่สุดในกระบวนการผลิตสินค้าและบริการ ,ผู้ประกอบการเพราะเป็นผู้รวบรวมปัจจัยการผลิตและรับภาระเสียงภายในการผลิต ,ถามตอบ
การเพิ่มขึ้นในข้อใดจะทำให้ ปริมาณเงินในประเทศขยายตัว ,การใช้จ่ายอุปโภคบริโภคและการลงทุน ,ถามตอบ
โครงการประกันราคาข้าวเหมือนกับโครงการ รับจำนำข้าวในเรื่องใด ,ทำให้ความเสี่ยงด้านรายได้ของชาวนาลดลง ,ถามตอบ
เหตุการณ์ใดถือว่าเป็นการสิ้นสุดของประวัติศาสตร์ยุโรปสมัยใหม่ ,การยุติของสงครามโลกครั้งที่2,ถามตอบ
ทาสในสมัยสุโขทัยเป็นทาสประเภทใด ,ทาสเชลย ,ถามตอบ
งานศิลปกรรมได้ไม่อยู่ในกลุ่มศิลปะแบบทวาราวดี ,ปราสาท ,ถามตอบ
การแบ่งชนชั้นตามระบบวรรณะในสมัยพุทธกาลถือว่าเป็นการจำแนกด้านใด ,อาชีพ ,ถามตอบ
พระพุทธศาสนาให้อิสรภาพแก่ชาวอินเดียสมัยพุทธกาลในด้านใดมากที่สุด ,ระบบวรรณะ ,ถามตอบ
คำว่าสัมมาสัมพุทธแปลว่าอะไร ,ผู้ตรัสรู้โดยชอบด้วยพระองค์เอง ,ถามตอบ
หลักธรรมอริยสัจ 4 มีลักษณะอย่างไร ,เป็นความจริงที่เป็นเหตุเป็นผลกัน ,ถามตอบ
ใครคือผู้นิพนธ์หนังสือไตรภูมิพระร่วง ,พระเจ้าลิไท ,ถามตอบ
วันใดคือวันพระธรรม ,มาฆบูชา ,ถามตอบ
สถาบันสังคมในข้อใดมีบทบาทสำคัญในการกำเนิดสถานภาพของคนในสังคม ,สถาบันครอบครัวและสถาบันเศรษฐกิจ ,ถามตอบ
กิจกรรมใดเป็นการอนุรักษ์วัฒนธรรมไทยในด้านสหธรรม ,การไหว้ทักทายกัน ,ถามตอบ
เพื่อสนับสนุนการปกครองตามระบอบประชาธิปไตยรัฐควรส่งเสริมให้หน่วยงานใดเป็นหน่วยงานหลักในการจัดทำบริการสาธารณะ ,องค์การปกครองส่วนท้องถิ่น ,ถามตอบ
บุคคลในตำแหน่งใดไม่อยู่ในคณะกรรมการสรรหาผู้ตรวจการแผ่นดิน ,ประธานวุฒิสภา ,ถามตอบ
ในระยะที่เกิดภาวะเงินเฟ้อในอัตราสูงใครได้รับประโยชน์มากที่สุดเพราะเหตุใด ,ผู้ผลิตเพราะสามารถขายสินค้าได้ในราคาที่สูงขึ้น ,ถามตอบ
การเปิดเสรีทางด้านการค้าและการเงินระหว่างประเทศทำให้ประเทศไทยต้องประสบปัญหาสำคัญ ข้อใด ,การผันผวนของภาวะเศรษฐกิจ ,ถามตอบ
มนุษย์รู้จักกัน ตั้งหลักแหล่งบริเวณที่ราบลุ่มแม่น้ำเป็นครั้งแรกในยุคใด ,ยุคหินใหม่ ,ถามตอบ
ชนเผ่าใดได้รับชัยชนะจากการเข้าโจมตีอาณาจักรโรมันตะวันตก ,เยอรมัน ,ถามตอบ
พัฒนาการของโลกตะวันตกยุคใหม่เริ่มต้นจากเรื่องใด ,การออกสำรวจดินแดนโพ้นทะเล ,ถามตอบ
พระบฎ หมายถึงผ้าในข้อใด ,ผ้าเขียนภาพพระพุทธเจ้า ,ถามตอบ
พระบาทสมเด็จพระจุลจอมเกล้าเจ้าอยู่หัวเสด็จพระพาสดินแดนใดในทวีปเอเซียมากที่สุด ,ชวา ,ถามตอบ
กล้องสามมิติเป็นอุปกรณ์ที่ใช้คู่กับสิ่งใด ,ภาพถ่ายทางอากาศ ,ถามตอบ
ปัญหาดินเปรี้ยวแก้ไขได้อย่างไร ,เติมปูนขาวพร้อมใส่ปุ๋ยคอกหรือปุ๋ยชีวภาพ ,ถามตอบ
การนำเข้ายางรถยนต์ใช้แล้วเป็นการละเมิดข้อใดฉบับใด ,อนุสัญญาบาเซิล ,ถามตอบ
กรีนพีซกับสมาคมสร้างสรรค์ไทยจะสามารถร่วมมือกันได้ในเรื่องได้ ,รณรงค์เกี่ยวกับปัญหาด้านมลพิษทางอากาศ ,ถามตอบ
หลักธรรมในข้อใดสามารถนำมาใช้ในการดำรงชีวิตแบบพอเพียงได้ดีที่สุด ,หลักโภควิภาค 4 ,ถามตอบ
มนุษย์เป็นสัตว์ประเสริฐเพราะการศึกษาหมายความว่าอย่างไร ,การศึกษาทำให้มนุษย์รู้จักคิดวิเคราะห์พัฒนาความรู้ความเข้าใจต่อสิ่งต่างๆ ,ถามตอบ
ข้อใดเป็นข้อความที่ถูกต้องสำหรับระบบกฎหมายไทย ,ระบบกฎหมายไทยเป็นระบบซิวิลลอร์ตั้งแต่สมัยรัชกาลที่ 5 เพราะประกาศใช้ประมวลกฎหมายอาญา ,ถามตอบ
ถ้ารัฐบาลกู้เงินจากประชาชนมาลงทุนจะเกิดผลอย่างไร ,สภาพคล่องในประเทศเพิ่มขึ้น ,ถามตอบ
กองทุนการเงินระหว่างประเทศให้ประเทศสมาชิกกู้ยืมไปเพื่อแก้ปัญหาได้ ,เงินสำรองต่างประเทศต่ำมาก ,ถามตอบ
สิ่งใดไม่ใช่การคิดค้นของชาวตะวันออก  ,ภาษาเขียน ,ถามตอบ
จักรวรรดิโรมันมีส่วนสำคัญในการช่วยเผยแพร่ศาสนาคริสต์ไปสู่โลกตะวันตกได้อย่างไร ,จักรพรรดิ คอนสแตนตินของชาวโรมันรับนับถือศาสนาคริสต์นับเป็นการช่วยปกป้องศาสนาคริสต์ ,ถามตอบ
ประเทศใดที่ประมุขแห่งรัฐไม่ใช่กษัตริย์  ,อิหร่าน อินโดนีเซีย ,ถามตอบ
หลักการหรือกลไกใดต่อไปนี้ที่มีอยู่เฉพาะในระบบรัฐสภา แต่ไม่มีในระบบประชาธิปไตย ,การยึดถือรัฐสภาเป็นองค์กรสูงสุดทางการเมือง ,ถามตอบ
สงคราม อานามสยามยุทธ กับญวนเกิดขึ้นในรัชกาลใด ,ราชกาลที่ 3 ,ถามตอบ
หลักธรรมใดที่สามารถไปประยุกต์ใช้กับหลักเศรษฐกิจพอเพียงได้เหมาะสมที่สุด ,มัชฌิมาปฏิปทา,ถามตอบ
ประชากรในทวีปใดที่นับถือศาสนาพุทธเป็นส่วนใหญ่ ,ทวีปเอเชีย ,ถามตอบ
หลักธรรมของศาสนาใดที่ไม่ให้เชื่อเพียงเพราะเป็นคำสอนของศาสนาแต่ต้องเชื่อเพราะผ่านการพิสูจน์ด้วยตนเองแล้วเท่านั้น ,ศาสนาพุทธ ,ถามตอบ
ศาสนาใดใช้คัมภีร์เป็นกฎหมาย ,ศาสนาอิสลาม ,ถามตอบ
ศาสนาแบบเทวนิยมหมายถึงศาสนาที่มีลักษณะแบบใด ,เชื่อในอำนาจเทพเจ้าสูงสุด ,ถามตอบ
พระเถระไดที่ได้รับยกย่องว่ามีปัญญาเลิศกว่าสาวกองค์อื่น ,พระสารีบุตร ,ถามตอบ
ธรรมจักขุหมายถึงอะไร ,ดวงตาเห็นธรรม ,ถามตอบ
ข้อใดแสดงถึงความจริงอันบะเสิร์ตที่พระพุทธเจ้าทรงตรัสรู้ ,อริยสัจ 4 ,ถามตอบ
เราสามารถหาความรู้เกี่ยวกับพระพุทธศาสนาได้จากที่ใด ,พระ ไตรปิฏก ,ถามตอบ
ปัจจุบันการบวชพระเราใช้วิธีการใด ,ญัตติจตุตถกรรมวาจา,ถามตอบ
ตัวแทนของพระพุทธศาสนาหลังจากพระพุทธเจ้าปรินิพพานคือใคร ,พระ ธรรมวินัย ,ถามตอบ
พิธีกรรมใดที่ไม่เป็นพุทธบัญญัติ ,ลอยกระทง ,ถามตอบ
วันอัฏฐมีบูชามีความสำคัญอย่างไร ,เป็นวันถวายพระเพลิงพระพุทธเจ้า ,ถามตอบ
การบรรพชากับการอุบัติสมบทต่างกันอย่างไร ,การบรรพชาเป็นการบวชเป็นสามเณรการอุปสมบทเป็นการบวชเป็นพระภิกษุ ,ถามตอบ
องค์ประกอบของพระไตรปิฏกได้แก่ข้อใด ,พระวินัย พระสูตร พระอภิธรรม ,ถามตอบ
เมื่อพระเจ้าปรินิพพานทรงแสดงหลักสำคัญเรื่องใด ,สติความไม่ประมาท ,ถามตอบ
พิธีปวารณาในศาสนาพุทธพระสงฆ์จะทำพิธีนี้ในวันใด ,วันออกพรรษา ,ถามตอบ
ความอยากมีอยากได้อยากเป็นเป็นสาเหตุที่ทำให้เกิดอะไรขึ้นแก่ผู้นั้น ,ความทุกข์ ,ถามตอบ
ปัจฉิมโอวาทของพระพุทธองค์ทรงกล่าวถึงสิ่งใด ,ไม่ให้ประมาท ,ถามตอบ
ความจริงอันประเสริฐสี่ประการได้แก่ข้อใด ,อริยสัจ 4 ,ถามตอบ
บุคคลใดที่ได้รับการแสดงปฐมนิเทศนาจากพระพุทธเจ้า ,ปัญจวคีย์ทั้ง 5 ,ถามตอบ
การรับศีลใดเพื่อเป็นการยืนยันยอมรับว่านับถือศาสนาคริสต์ ,ศีลกำลัง ,ถามตอบ
ข้อห้ามของศาสนาอิสลามคือข้อใด ,การเล่นการพนันทุกชนิด ,ถามตอบ
ศาสนาใดไม่มีพระเจ้า ,ศาสนาพุทธ ,ถามตอบ
วันสำคัญเกี่ยวกับศาสนาวันใดที่นับว่าเป็นวันที่มีพระรัตนตรัยเกิดขึ้นครบสมบูรณ์ ,วันอาสาฬหบูชา ,ถามตอบ
วันอนุรักษ์มรดกไทยคือวันใด ,2 เมษายนของทุกปี ,ถามตอบ
พระพุทธเจ้าทรงแสดงธรรมโปรดผู้ใดในวันมาฆบูชา ,พระอรหันต์เอหิภิกขุ,ถามตอบ
ช่วงเวลาในรอบ 10 ปีเรียกว่าอะไร ,ทศวรรษ,ถามตอบ
เราทราบความเป็นมาทางประวัติศาสตร์ไทยสมัยสุโขทัยได้จากแหล่งความรู้ใด,ศิราจารึก ,ถามตอบ
พระมหากษัตริย์ผู้ทรงกอบกู้เอกราชให้ชาติไทยในการเสียกรุงครั้งที่1 คือพระองค์ใด , สมเด็จพระนเรศวรวรมหาราช ,ถามตอบ
อาณาจักรล้านนาในอดีตปัจจุบันคือจังหวัดใด ,เชียงใหม่ ,ถามตอบ
กษัตริย์พระองค์ใดที่มีชื่อเสียงมากที่สุดและสร้างความเจริญรุ่งเรืองให้แก่อาณาจักรสุโขทัยมากที่สุด ,พ่อขุนรามคำแหงมหาราช ,ถามตอบ
กษัตริย์องค์สุดท้ายของกรุงศรีอยุธยาคือกษัตริย์พระองค์ใด ,สมเด็จพระเจ้าเอกทัศ ,ถามตอบ
วัดขนาดใหญ่วัดได้ที่สร้างก่อนพระเวทย์พระเจ้าอู่ทองทรงสถาปนากรุงศรีอยุธยาเป็นราชธานี ,วัดพนัญเชิง ,ถามตอบ
แม่น้ำสายใดที่มารวมกันอยู่ที่กรุงศรีอยุธยา ,เจ้าพระยา ลพบุรี ป่าสัก ,ถามตอบ
การปกครองในสมัยกรุงศรีอยุธยาเป็นแบบใด , สมบูรณาญาสิทธิราชย์,ถามตอบ
ตำแหน่งพระยาโกษาอธิบดีเป็นตำแหน่งของกรมได้ ,กรมคลัง ,ถามตอบ
ตำแหน่งศักดินาเกิดขึ้นในสมัยใด ,พระบรมไตรโลกนาถ ,ถามตอบ
ผู้ที่ทำการกู้เอกราชหลังจากการเสียกรุงครั้งที่2คือใคร ,สมเด็จพระเจ้าตากสินมหาราช,ถามตอบ
ชาวบ้านบางระจันมีความสำคัญอย่างไร ,ชาวบ้านที่รวมตัวกันป้องกันพม่าที่จะเข้าตีกรุงศรีอยุธยา ,ถามตอบ
กฎหมายตราสามดวงเป็นกฎหมายสำคัญเกิดในสมัยใด ,รัตนโกสินทร์ ,ถามตอบ
การสงครามที่ต้องต่อสู้บนหลังช้างเรียกว่าอะไร ,สงครามยุทธหัตถี,ถามตอบ
ยุคทองของกรุงศรีอยุธยาตรงกับรัชสมัยใด,สมเด็จพระนารายณ์มหาราช,ถามตอบ
หน่วยงานที่เรียกว่า กรมเวียงในสมัยกรุงศรีอยุธยาตอนต้น มีหน้าที่อย่างไร ,ปราบโจรผู้ร้ายและลงโทษผู้ที่กระทำผิดกฎหมายบ้านเมือง ,ถามตอบ
อาณาจักรได้ที่มีระยะเวลาสั้นที่สุด ,ธนบุรี ,ถามตอบ
ระบบศักดินามีลักษณะเป็นอย่างไร ,ใครมียศสูงให้มีที่นามาก ,ถามตอบ
บริเวณใดที่มีผลผลิตข้าวหอมมะลิที่มีชื่อเสียงของประเทศไทย ,จังหวัดสุรินทร์ ,ถามตอบ
ฝนแปดแดดสี่หมายถึงภูมิภาคใดของประเทศไทย ,ภาคใต้ ,ถามตอบ
เทือกเขาใดที่กันประเทศไทยกับลาว ,เทือกเขาหลวงพระบาง ,ถามตอบ
ผลผลิตปาล์มน้ำมันเป็นผลผลิตทางการเกษตรที่สำคัญของภาคใดของไทย ,ภาคใต้  ,ถามตอบ
เขตเงาฝนจะมีสภาพอากาศอย่างไร ,ร้อนอบอ้าวแห้งแล้ง ,ถามตอบ
ช่วงฤดูร้อนจังหวัดทางภาคใต้อุณหภูมิไม่สูงมากเพราะเหตุใด ,อยู่ใกล้ทะเล ,ถามตอบ
ทางหลวงสายใดที่เชื่อมระหว่างกรุงเทพฯถึงตราด ,ถนนสุขุมวิท ,ถามตอบ
ทางหลวงแผ่นดินสายใดเป็นสายที่ยาวที่สุด ,ถนนพหลโยธิน ,ถามตอบ
ทางรถไฟสายใดยาวที่สุด ,กรุงเทพฯ-สไหงโกลก ,ถามตอบ
อะไรเป็นทรัพยากรธรรมชาติที่สำคัญที่สุด ,คน ,ถามตอบ
ประเทศอินโดนีเซียได้รับเอกราชจากประเทศใด,ประเทศ เนเธอร์แลนด์ ,ถามตอบ
ศาสนาประจำชาติของอินโดนีเซียคือข้อใด ,อิสลาม ,ถามตอบ
ประเทศใดมีทรัพยากรน้ำมัน ,มาเลเซียบรูไน ,ถามตอบ
จากแผนที่โลกประเทศได้จะสว่างก่อนประเทศอื่น ,ญี่ปุ่น ,ถามตอบ
พิกัดภูมิศาสตร์มีความสำคัญอย่างไร ,บอกตำแหน่ง ,ถามตอบ
เส้นเมอริเดียนปฐมมีความสำคัญอย่างไรและลากผ่านประเทศอะไร ,บอกเวลาทานโลก ลากผ่านประเทศอังกฤษ ,ถามตอบ
เพราะเหตุใดบริเวณเส้น ศูนย์ สูตรอากาศจึงร้อน ,ได้รับแสงอาทิตย์มากที่สุด ,ถามตอบ
การปลูกมะละกอเพื่อส่งขายตลาดเป็นการผลิตขั้นใดตามหลักของเศรษฐศาสตร์ ,ขั้นปฐมภูมิ  ,ถามตอบ
 ภาคใต้และภาคตะวันออกเป็นแหล่งที่เหมาะแก่การประกอบอาชีพใด,ประมง ,ถามตอบ
หวายไม้ไผ่ ทองเหลืองกระดาษและผักตบชวาเป็นวัตถุดิบในการประกอบอาชีพใด,หัตถกรรม ,ถามตอบ
ปัจจัยใดที่ส่งเสริมอาชีพใดมากที่สุด ,สภาพภูมิอากาศทรัพยากร ,ถามตอบ
พืชชนิดใดจัดอยู่ในประเภทพืชผักสวนครัว ,พริก ตะไคร้มะกรูด ,ถามตอบ
แร่เศรษฐกิจของไทยชนิดใดทำรายได้เข้าประเทศสูงมากกว่าสินแร่ชนิดอื่นๆทั้งหมด ,รัตนชาติ ,ถามตอบ
เมื่อเกิดปัญหาระหว่างนายจ้างกับลูกจ้างต้องไปฟ้องร้องกันที่ใด,ศาลแรงงาน ,ถามตอบ
ปัจจุบันเศรษฐกิจของไทยมุ่งพัฒนาด้านใดเป็นสำคัญ ,การอุตสาหกรรมการบริการ ,ถามตอบ
ใครเป็นผู้กำหนดราคาสินค้าในท้องตลาด ,คณะกรรมการสหกรณ์ ,ถามตอบ
การรับสมาชิกสหกรณ์เป็นหน้าที่ของใคร ,เหรัญญิก ,ถามตอบ
สหกรณ์แตกต่างจากบริษัทจำกัดในเรื่องใดเป็นสำคัญ ,การมีสิทธิมีเสียง ,ถามตอบ
บิดาแห่งวิชาเศรษฐศาสตร์หมายถึงใคร ,อาดัมสมิท,ถามตอบ
ประเทศไทยใช้ระบบเศรษฐกิจแบบใด ,แบบผสม ,ถามตอบ
คำว่าอธิปไตยหมายถึงอะไร ,อำนาจสูงสุดในการปกครอง ,ถามตอบ
สาเหตุสำคัญที่ทำให้เกิดมลพิษคืออะไร ,มนุษย์ ,ถามตอบ
รายได้ชนิดใดเป็นรายได้ภายในประเทศ ,ภาษีอากร ,ถามตอบ
พินัยกรรมหมายถึงข้อใด ,คำสั่งซึ่งแสดงเจตนาจะให้ทรัพย์สินแก่ผู้ หนึ่ง ผู้ใดเมื่อตัวเองได้ตายลง ,ถามตอบ
การย้ายเข้ารื้อย้ายออกจากบ้านจะต้องแจ้งย้ายภายในระยะเท่าใด ,15 วัน ,ถามตอบ
การตั้งชื่อบุตร ธิดาต้องกระทำภายในกี่วัน ,15 วัน ,ถามตอบ
หน่วยสังคมหน่วยแรกของชีวิตคือข้อใด ,ครอบครัว ,ถามตอบ
บุคคลในข้อใดมีสิทธิ์ได้รับความช่วยเหลือจากรัฐ ,บุคคลอายุไม่เกิน 60 ปีและไม่มีรายได้เพียงพอเลี้ยงชีพ  ,ถามตอบ
ผู้ที่มีหน้าที่ควบคุมและบริหารราชการแผ่นดินของรัฐบาลได้แก่บุคคลในข้อใด , สมาชิกสภาผู้แทนราษฎร,ถามตอบ
ราชพิธีและรัฐพิธีเป็นพิธีเกี่ยวกับบุคคลในข้อใด ,พระมหากษัตริย์ ,ถามตอบ
รัฐธรรมนูญแห่งราชอาณาจักรไทยมีลักษณะเป็นอย่างไร ,กฎหมายสูงสุด ,ถามตอบ
อำนาจและผลประโยชน์ส่วนบุคคลที่กฎหมายให้ความคุ้มครองนั้นเรียกว่าอะไร ,สิทธิ ,ถามตอบ
กฎหมายแรงงานห้ามจ้างเด็กอายุต่ำกว่าเท่าใดทำงาน ,13 ปีบริบูรณ์ ,ถามตอบ
สถานที่ใดที่นายจ้างจ้างเด็กทำงานได้ ,โรงภาพยนตร์ ,ถามตอบ
การปกครองระบอบประชาธิปไตยเริ่มในสมัยใด ,พระบาทสมเด็จพระปกเกล้าเจ้าอยู่หัว ,ถามตอบ
ปีพระพุทธศักราชตามคติที่ใช้ในสังคมไทยเริ่มต้นนับตั้งแต่เหตุการณ์ใดในพระพุทธประวัติ ,1 ปีหลังจากพระพุทธเจ้าปรินิพพาน ,ถามตอบ
การพัฒนาที่ยั่งยืนเชิงพุทธ ให้ความสำคัญการพัฒนาอะไรมากที่สุด ,คน ,ถามตอบ
การกระทำใดถือว่าเป็นการปฏิบัติตามอุดมการณ์ของพระพุทธศาสนา ,มีความอดทนบากบั่นทำงานอย่างไม่ย่อท้อ ,ถามตอบ
ประเทศใดที่ประมุขแห่งรัฐไม่ใช่กษัตริย์ ,อิหร่านอินโดนีเซีย ,ถามตอบ
สงครามอานามสยามยุทธกับญวนเกิดขึ้นในรัชกาลใด ,ราชการที่ 3 ,ถามตอบ
การสารภาพบาปในศาสนาคริสต์มีจุดประสงค์เพื่ออะไร ,เพื่อเป็นการเริ่มต้นทำความดีหลังจากยอมรับความผิดพลาด ,ถามตอบ
ความเชื่อข้อใดคือความแตกต่างระหว่างศาสนาพราหมณ์ฮินดูและศาสนาพุทธ ,มีอำนาจสูงสุดที่ไม่ใช่พระเจ้า ,ถามตอบ
ความหมายของซะกาดในศาสนาอิสลามตรงกับข้อใด ,ให้สละทรัพย์เพื่อสังคมตามสถานภาพ ,ถามตอบ
การให้ทานตามคำสอนของพระพุทธศาสนามีวัตถุประสงค์หลักเพื่ออะไร ,ชำระความโลภในใจ ,ถามตอบ
ข้อใดคือความหมายของคำว่าวันมหา ปวารณา ,วันที่พระทรงเปิดโอกาสให้พระสงฆ์ว่ากล่าวกันเองได้ ,ถามตอบ
ข้อใดเป็นธรรมปฏิสันถาวรในการต้อนรับแขก ,การยกมือไหว้ทักทาย ,ถามตอบ
ประเทศใดที่ประมุขแห่งรัฐดำรงตำแหน่งเป็นหัวหน้ารัฐบาล ,สหรัฐอเมริกา ,ถามตอบ
สังคมชมพูทวีปในสมัยพุทธกาลมีการแบ่งชนชั้นวรรณะอย่างชัดเจนวรรณะที่ทำหน้าที่สอนวิทยาการต่างๆและทำพิธีกรรมทางศาสนาให้แก่สังคมได้แก่ข้อใด ,พราหมณ์ ,ถามตอบ
คัมภีร์สำคัญในศาสนาพราหมณ์ที่เรียกว่า ศรุติ หมายถึงข้อใด ,คัมภีร์ที่เราฤาษีได้ยินเสียงทิพย์จากพระผู้เป็นเจ้าแล้วนำมาแต่งเป็นคัมภีร์ ,ถามตอบ
การพัฒนาเศรษฐกิจตามแผนฉบับที่ผ่านมาก่อให้เกิดผลประการใดบ้าง ,ทรัพยากรธรรมชาติและสิ่งแวดล้อมถูกทำลายมากขึ้น ,ถามตอบ
การกระตุ้นเศรษฐกิจทำได้โดยการใช้งบประมาณภาครัฐแบบใด ,งบประมาณขาดดุล ,ถามตอบ
สถานการณ์ข้อใดเป็นมาตรการกีดกันการค้าระหว่างประเทศ ,การกำหนดมาตรฐานสินค้าส่งออกและนำเข้า ,ถามตอบ
พัฒนาการในข้อใดเป็นลักษณะที่สำคัญที่สุดของสังคมมนุษย์ในยุคโลหะ ,การจัดระเบียบการปกครอง ,ถามตอบ
ชนชาติใดเป็นผู้คิดค้นระบบทศนิยมซึ่งเป็นที่ใช้แพร่หลายอยู่ในโลกจนถึงปัจจุบัน ,อินเดีย ,ถามตอบ
สงครามใดที่เป็นการสู้รบกันระหว่างชนชาติต่างๆในตะวันออกกับชนชาติต่างๆในตะวันตก ,สงครามครูเสด ,ถามตอบ
การปฏิวัติทางวิทยาศาสตร์และอุตสาหกรรมในยุโรปก่อให้เกิดผลกระทบตามมาที่สำคัญที่สุดในข้อใด ,ประเทศในยุโรปแข่งขันกับ แสวงหาอาณานิคม ,ถามตอบ
จุดประสงค์สำคัญที่สุดของขบวนการเสรีไทยคืออะไร ,ต่อต้านญี่ปุ่นและขับไล่ญี่ปุ่นออกจากประเทศไทย ,ถามตอบ
หลักธรรมในข้อใดสามารถนำมาใช้ในการดำรงชีวิตแบบพอเพียงได้ดีที่สุด  ,หลักโภควิภาค 4 ,ถามตอบ
มนุษย์เป็นสัตว์ประเสริฐเพราะการศึกษาหมายความว่าอย่างไร ,การศึกษา ทำให้มนุษย์รู้จักวิธีคิดวิเคราะห์พัฒนาความรู้ความเข้าใจสิ่งต่างๆ ,ถามตอบ
กองทุนการเงินระหว่างประเทศให้สมาชิกกู้ยืมไปเพื่อแก้ปัญหาใด,เงินสำรองต่างประเทศต่ำมาก ,ถามตอบ
การแบ่งชนชั้นตามระบบวรรณะในยุคสมัยพุทธกาลถือว่าเป็นการจำแนกด้านใด  ,อาชีพ ,ถามตอบ
โอมหมายถึงอะไรในศาสนาพราหมณ์ฮินดู ,ตรีมูรติ ,ถามตอบ
พระพุทธศาสนาให้อิสรภาพแก่ชาวอินเดียสมัยพุทธกาลในด้านใดมากที่สุด ,ระบบวรรณะ ,ถามตอบ
อกุศลกรรมและกุสลกรรมเป็นกรรมประเภทใด ,กรรมตามมูลเหตุ ,ถามตอบ
